INSERT INTO `accountsection` (`sectionid`, `language`, `sectionname`) VALUES (10,'da_DK.utf8','Assets');
INSERT INTO `accountsection` (`sectionid`, `language`, `sectionname`) VALUES (20,'da_DK.utf8','Liabilities');
INSERT INTO `accountsection` (`sectionid`, `language`, `sectionname`) VALUES (30,'da_DK.utf8','Income');
INSERT INTO `accountsection` (`sectionid`, `language`, `sectionname`) VALUES (40,'da_DK.utf8','Costs');

INSERT INTO `accountgroups` (`groupname`, `groupcode`, `language`, `sectioninaccounts`, `pandl`, `sequenceintb`, `parentgroupname`, `parentgroupcode`) VALUES ('CAPITAL ASSETS','10','da_DK.utf8',10,0,1000,'','');
INSERT INTO `accountgroups` (`groupname`, `groupcode`, `language`, `sectioninaccounts`, `pandl`, `sequenceintb`, `parentgroupname`, `parentgroupcode`) VALUES ('SHARE CAPITAL','100','da_DK.utf8',20,0,6000,'','');
INSERT INTO `accountgroups` (`groupname`, `groupcode`, `language`, `sectioninaccounts`, `pandl`, `sequenceintb`, `parentgroupname`, `parentgroupcode`) VALUES ('COST OF GOODS SOLD','20','da_DK.utf8',40,1,8000,'','');
INSERT INTO `accountgroups` (`groupname`, `groupcode`, `language`, `sectioninaccounts`, `pandl`, `sequenceintb`, `parentgroupname`, `parentgroupcode`) VALUES ('CURRENT ASSETS','30','da_DK.utf8',10,0,3000,'','');
INSERT INTO `accountgroups` (`groupname`, `groupcode`, `language`, `sectioninaccounts`, `pandl`, `sequenceintb`, `parentgroupname`, `parentgroupcode`) VALUES ('CURRENT LIABILITIES','40','da_DK.utf8',10,0,4000,'','');
INSERT INTO `accountgroups` (`groupname`, `groupcode`, `language`, `sectioninaccounts`, `pandl`, `sequenceintb`, `parentgroupname`, `parentgroupcode`) VALUES ('GENERAL & ADMINISTRATIVE EXPEN','50','da_DK.utf8',40,1,10000,'','');
INSERT INTO `accountgroups` (`groupname`, `groupcode`, `language`, `sectioninaccounts`, `pandl`, `sequenceintb`, `parentgroupname`, `parentgroupcode`) VALUES ('INVENTORY ASSETS','60','da_DK.utf8',10,0,2000,'','');
INSERT INTO `accountgroups` (`groupname`, `groupcode`, `language`, `sectioninaccounts`, `pandl`, `sequenceintb`, `parentgroupname`, `parentgroupcode`) VALUES ('LONG TERM LIABILITIES','70','da_DK.utf8',20,0,5000,'','');
INSERT INTO `accountgroups` (`groupname`, `groupcode`, `language`, `sectioninaccounts`, `pandl`, `sequenceintb`, `parentgroupname`, `parentgroupcode`) VALUES ('PAYROLL EXPENSES','80','da_DK.utf8',40,1,9000,'','');
INSERT INTO `accountgroups` (`groupname`, `groupcode`, `language`, `sectioninaccounts`, `pandl`, `sequenceintb`, `parentgroupname`, `parentgroupcode`) VALUES ('SALES REVENUE','90','da_DK.utf8',30,1,7000,'','');

INSERT INTO `chartmaster` (`accountcode`, `language`, `accountname`, `group_`, `groupcode`) VALUES ('0010','da_DK.utf8','Freehold Property','CAPITAL ASSETS','');
INSERT INTO `chartmaster` (`accountcode`, `language`, `accountname`, `group_`, `groupcode`) VALUES ('0011','da_DK.utf8','Goodwill','CAPITAL ASSETS','');
INSERT INTO `chartmaster` (`accountcode`, `language`, `accountname`, `group_`, `groupcode`) VALUES ('0012','da_DK.utf8','Goodwill Amortisation','CAPITAL ASSETS','');
INSERT INTO `chartmaster` (`accountcode`, `language`, `accountname`, `group_`, `groupcode`) VALUES ('0020','da_DK.utf8','Plant and Machinery','CAPITAL ASSETS','');
INSERT INTO `chartmaster` (`accountcode`, `language`, `accountname`, `group_`, `groupcode`) VALUES ('0021','da_DK.utf8','Plant/Machinery Depreciation','CAPITAL ASSETS','');
INSERT INTO `chartmaster` (`accountcode`, `language`, `accountname`, `group_`, `groupcode`) VALUES ('0030','da_DK.utf8','Office Equipment','CAPITAL ASSETS','');
INSERT INTO `chartmaster` (`accountcode`, `language`, `accountname`, `group_`, `groupcode`) VALUES ('0031','da_DK.utf8','Office Equipment Depreciation','CAPITAL ASSETS','');
INSERT INTO `chartmaster` (`accountcode`, `language`, `accountname`, `group_`, `groupcode`) VALUES ('0040','da_DK.utf8','Furniture and Fixtures','CAPITAL ASSETS','');
INSERT INTO `chartmaster` (`accountcode`, `language`, `accountname`, `group_`, `groupcode`) VALUES ('0041','da_DK.utf8','Furniture/Fixture Depreciation','CAPITAL ASSETS','');
INSERT INTO `chartmaster` (`accountcode`, `language`, `accountname`, `group_`, `groupcode`) VALUES ('0050','da_DK.utf8','Motor Vehicles','CAPITAL ASSETS','');
INSERT INTO `chartmaster` (`accountcode`, `language`, `accountname`, `group_`, `groupcode`) VALUES ('0051','da_DK.utf8','Motor Vehicles Depreciation','CAPITAL ASSETS','');
INSERT INTO `chartmaster` (`accountcode`, `language`, `accountname`, `group_`, `groupcode`) VALUES ('1001','da_DK.utf8','Stock','INVENTORY ASSETS','');
INSERT INTO `chartmaster` (`accountcode`, `language`, `accountname`, `group_`, `groupcode`) VALUES ('1002','da_DK.utf8','Work in Progress','INVENTORY ASSETS','');
INSERT INTO `chartmaster` (`accountcode`, `language`, `accountname`, `group_`, `groupcode`) VALUES ('1100','da_DK.utf8','Debtors Control Account','CURRENT ASSETS','');
INSERT INTO `chartmaster` (`accountcode`, `language`, `accountname`, `group_`, `groupcode`) VALUES ('1102','da_DK.utf8','Other Debtors','CURRENT ASSETS','');
INSERT INTO `chartmaster` (`accountcode`, `language`, `accountname`, `group_`, `groupcode`) VALUES ('1103','da_DK.utf8','Prepayments','CURRENT ASSETS','');
INSERT INTO `chartmaster` (`accountcode`, `language`, `accountname`, `group_`, `groupcode`) VALUES ('1200','da_DK.utf8','Bank Current Account','CURRENT ASSETS','');
INSERT INTO `chartmaster` (`accountcode`, `language`, `accountname`, `group_`, `groupcode`) VALUES ('1210','da_DK.utf8','Bank Deposit Account','CURRENT ASSETS','');
INSERT INTO `chartmaster` (`accountcode`, `language`, `accountname`, `group_`, `groupcode`) VALUES ('1220','da_DK.utf8','Building Society Account','CURRENT ASSETS','');
INSERT INTO `chartmaster` (`accountcode`, `language`, `accountname`, `group_`, `groupcode`) VALUES ('1230','da_DK.utf8','Petty Cash','CURRENT ASSETS','');
INSERT INTO `chartmaster` (`accountcode`, `language`, `accountname`, `group_`, `groupcode`) VALUES ('1240','da_DK.utf8','Company Credit Card','CURRENT ASSETS','');
INSERT INTO `chartmaster` (`accountcode`, `language`, `accountname`, `group_`, `groupcode`) VALUES ('2100','da_DK.utf8','Creditors Control Account','CURRENT LIABILITIES','');
INSERT INTO `chartmaster` (`accountcode`, `language`, `accountname`, `group_`, `groupcode`) VALUES ('2102','da_DK.utf8','Other Creditors','CURRENT LIABILITIES','');
INSERT INTO `chartmaster` (`accountcode`, `language`, `accountname`, `group_`, `groupcode`) VALUES ('2109','da_DK.utf8','Accruals','CURRENT LIABILITIES','');
INSERT INTO `chartmaster` (`accountcode`, `language`, `accountname`, `group_`, `groupcode`) VALUES ('2200','da_DK.utf8','VAT (17.5%)','CURRENT LIABILITIES','');
INSERT INTO `chartmaster` (`accountcode`, `language`, `accountname`, `group_`, `groupcode`) VALUES ('2205','da_DK.utf8','VAT (5%)','CURRENT LIABILITIES','');
INSERT INTO `chartmaster` (`accountcode`, `language`, `accountname`, `group_`, `groupcode`) VALUES ('2210','da_DK.utf8','P.A.Y.E. & National Insurance','CURRENT LIABILITIES','');
INSERT INTO `chartmaster` (`accountcode`, `language`, `accountname`, `group_`, `groupcode`) VALUES ('2220','da_DK.utf8','Net Wages','CURRENT LIABILITIES','');
INSERT INTO `chartmaster` (`accountcode`, `language`, `accountname`, `group_`, `groupcode`) VALUES ('2250','da_DK.utf8','Corporation Tax','CURRENT LIABILITIES','');
INSERT INTO `chartmaster` (`accountcode`, `language`, `accountname`, `group_`, `groupcode`) VALUES ('2300','da_DK.utf8','Bank Loan','LONG TERM LIABILITIES','');
INSERT INTO `chartmaster` (`accountcode`, `language`, `accountname`, `group_`, `groupcode`) VALUES ('2305','da_DK.utf8','Directors loan account','LONG TERM LIABILITIES','');
INSERT INTO `chartmaster` (`accountcode`, `language`, `accountname`, `group_`, `groupcode`) VALUES ('2310','da_DK.utf8','Hire Purchase','LONG TERM LIABILITIES','');
INSERT INTO `chartmaster` (`accountcode`, `language`, `accountname`, `group_`, `groupcode`) VALUES ('2330','da_DK.utf8','Mortgages','LONG TERM LIABILITIES','');
INSERT INTO `chartmaster` (`accountcode`, `language`, `accountname`, `group_`, `groupcode`) VALUES ('3000','da_DK.utf8','Ordinary Shares','SHARE CAPITAL','');
INSERT INTO `chartmaster` (`accountcode`, `language`, `accountname`, `group_`, `groupcode`) VALUES ('3010','da_DK.utf8','Preference Shares','SHARE CAPITAL','');
INSERT INTO `chartmaster` (`accountcode`, `language`, `accountname`, `group_`, `groupcode`) VALUES ('3100','da_DK.utf8','Share Premium Account','SHARE CAPITAL','');
INSERT INTO `chartmaster` (`accountcode`, `language`, `accountname`, `group_`, `groupcode`) VALUES ('3200','da_DK.utf8','Profit and Loss Account','SHARE CAPITAL','');
INSERT INTO `chartmaster` (`accountcode`, `language`, `accountname`, `group_`, `groupcode`) VALUES ('4000','da_DK.utf8','Sales','SALES REVENUE','');
INSERT INTO `chartmaster` (`accountcode`, `language`, `accountname`, `group_`, `groupcode`) VALUES ('4009','da_DK.utf8','Discounts Allowed','SALES REVENUE','');
INSERT INTO `chartmaster` (`accountcode`, `language`, `accountname`, `group_`, `groupcode`) VALUES ('4010','da_DK.utf8','Export Sales','SALES REVENUE','');
INSERT INTO `chartmaster` (`accountcode`, `language`, `accountname`, `group_`, `groupcode`) VALUES ('4900','da_DK.utf8','Miscellaneous Income','SALES REVENUE','');
INSERT INTO `chartmaster` (`accountcode`, `language`, `accountname`, `group_`, `groupcode`) VALUES ('4904','da_DK.utf8','Rent Income','SALES REVENUE','');
INSERT INTO `chartmaster` (`accountcode`, `language`, `accountname`, `group_`, `groupcode`) VALUES ('4906','da_DK.utf8','Interest received','SALES REVENUE','');
INSERT INTO `chartmaster` (`accountcode`, `language`, `accountname`, `group_`, `groupcode`) VALUES ('4920','da_DK.utf8','Foreign Exchange Gain','SALES REVENUE','');
INSERT INTO `chartmaster` (`accountcode`, `language`, `accountname`, `group_`, `groupcode`) VALUES ('5000','da_DK.utf8','Materials Purchased','COST OF GOODS SOLD','');
INSERT INTO `chartmaster` (`accountcode`, `language`, `accountname`, `group_`, `groupcode`) VALUES ('5001','da_DK.utf8','Materials Imported','COST OF GOODS SOLD','');
INSERT INTO `chartmaster` (`accountcode`, `language`, `accountname`, `group_`, `groupcode`) VALUES ('5002','da_DK.utf8','Opening Stock','COST OF GOODS SOLD','');
INSERT INTO `chartmaster` (`accountcode`, `language`, `accountname`, `group_`, `groupcode`) VALUES ('5003','da_DK.utf8','Closing Stock','COST OF GOODS SOLD','');
INSERT INTO `chartmaster` (`accountcode`, `language`, `accountname`, `group_`, `groupcode`) VALUES ('5200','da_DK.utf8','Packaging','COST OF GOODS SOLD','');
INSERT INTO `chartmaster` (`accountcode`, `language`, `accountname`, `group_`, `groupcode`) VALUES ('5201','da_DK.utf8','Discounts Taken','COST OF GOODS SOLD','');
INSERT INTO `chartmaster` (`accountcode`, `language`, `accountname`, `group_`, `groupcode`) VALUES ('5202','da_DK.utf8','Carriage','COST OF GOODS SOLD','');
INSERT INTO `chartmaster` (`accountcode`, `language`, `accountname`, `group_`, `groupcode`) VALUES ('5203','da_DK.utf8','Import Duty','COST OF GOODS SOLD','');
INSERT INTO `chartmaster` (`accountcode`, `language`, `accountname`, `group_`, `groupcode`) VALUES ('5204','da_DK.utf8','Transport Insurance','COST OF GOODS SOLD','');
INSERT INTO `chartmaster` (`accountcode`, `language`, `accountname`, `group_`, `groupcode`) VALUES ('5205','da_DK.utf8','Equipment Hire','COST OF GOODS SOLD','');
INSERT INTO `chartmaster` (`accountcode`, `language`, `accountname`, `group_`, `groupcode`) VALUES ('5220','da_DK.utf8','Foreign Exchange Loss','COST OF GOODS SOLD','');
INSERT INTO `chartmaster` (`accountcode`, `language`, `accountname`, `group_`, `groupcode`) VALUES ('6000','da_DK.utf8','Productive Labour','PAYROLL EXPENSES','');
INSERT INTO `chartmaster` (`accountcode`, `language`, `accountname`, `group_`, `groupcode`) VALUES ('6001','da_DK.utf8','Cost of Sales Labour','PAYROLL EXPENSES','');
INSERT INTO `chartmaster` (`accountcode`, `language`, `accountname`, `group_`, `groupcode`) VALUES ('6002','da_DK.utf8','Sub-Contractors','PAYROLL EXPENSES','');
INSERT INTO `chartmaster` (`accountcode`, `language`, `accountname`, `group_`, `groupcode`) VALUES ('7000','da_DK.utf8','Staff wages & salaries','PAYROLL EXPENSES','');
INSERT INTO `chartmaster` (`accountcode`, `language`, `accountname`, `group_`, `groupcode`) VALUES ('7002','da_DK.utf8','Directors Remuneration','PAYROLL EXPENSES','');
INSERT INTO `chartmaster` (`accountcode`, `language`, `accountname`, `group_`, `groupcode`) VALUES ('7006','da_DK.utf8','Employers N.I.','PAYROLL EXPENSES','');
INSERT INTO `chartmaster` (`accountcode`, `language`, `accountname`, `group_`, `groupcode`) VALUES ('7007','da_DK.utf8','Employers Pensions','PAYROLL EXPENSES','');
INSERT INTO `chartmaster` (`accountcode`, `language`, `accountname`, `group_`, `groupcode`) VALUES ('7008','da_DK.utf8','Recruitment Expenses','PAYROLL EXPENSES','');
INSERT INTO `chartmaster` (`accountcode`, `language`, `accountname`, `group_`, `groupcode`) VALUES ('7100','da_DK.utf8','Rent','GENERAL & ADMINISTRATIVE EXPEN','');
INSERT INTO `chartmaster` (`accountcode`, `language`, `accountname`, `group_`, `groupcode`) VALUES ('7102','da_DK.utf8','Water Rates','GENERAL & ADMINISTRATIVE EXPEN','');
INSERT INTO `chartmaster` (`accountcode`, `language`, `accountname`, `group_`, `groupcode`) VALUES ('7103','da_DK.utf8','General Rates','GENERAL & ADMINISTRATIVE EXPEN','');
INSERT INTO `chartmaster` (`accountcode`, `language`, `accountname`, `group_`, `groupcode`) VALUES ('7104','da_DK.utf8','Premises Insurance','GENERAL & ADMINISTRATIVE EXPEN','');
INSERT INTO `chartmaster` (`accountcode`, `language`, `accountname`, `group_`, `groupcode`) VALUES ('7200','da_DK.utf8','Light & heat','GENERAL & ADMINISTRATIVE EXPEN','');
INSERT INTO `chartmaster` (`accountcode`, `language`, `accountname`, `group_`, `groupcode`) VALUES ('7300','da_DK.utf8','Motor expenses','GENERAL & ADMINISTRATIVE EXPEN','');
INSERT INTO `chartmaster` (`accountcode`, `language`, `accountname`, `group_`, `groupcode`) VALUES ('7350','da_DK.utf8','Travelling','GENERAL & ADMINISTRATIVE EXPEN','');
INSERT INTO `chartmaster` (`accountcode`, `language`, `accountname`, `group_`, `groupcode`) VALUES ('7400','da_DK.utf8','Advertising','GENERAL & ADMINISTRATIVE EXPEN','');
INSERT INTO `chartmaster` (`accountcode`, `language`, `accountname`, `group_`, `groupcode`) VALUES ('7402','da_DK.utf8','P.R. (Literature & Brochures)','GENERAL & ADMINISTRATIVE EXPEN','');
INSERT INTO `chartmaster` (`accountcode`, `language`, `accountname`, `group_`, `groupcode`) VALUES ('7403','da_DK.utf8','U.K. Entertainment','GENERAL & ADMINISTRATIVE EXPEN','');
INSERT INTO `chartmaster` (`accountcode`, `language`, `accountname`, `group_`, `groupcode`) VALUES ('7404','da_DK.utf8','Overseas Entertainment','GENERAL & ADMINISTRATIVE EXPEN','');
INSERT INTO `chartmaster` (`accountcode`, `language`, `accountname`, `group_`, `groupcode`) VALUES ('7500','da_DK.utf8','Postage and Carriage','GENERAL & ADMINISTRATIVE EXPEN','');
INSERT INTO `chartmaster` (`accountcode`, `language`, `accountname`, `group_`, `groupcode`) VALUES ('7501','da_DK.utf8','Office Stationery','GENERAL & ADMINISTRATIVE EXPEN','');
INSERT INTO `chartmaster` (`accountcode`, `language`, `accountname`, `group_`, `groupcode`) VALUES ('7502','da_DK.utf8','Telephone','GENERAL & ADMINISTRATIVE EXPEN','');
INSERT INTO `chartmaster` (`accountcode`, `language`, `accountname`, `group_`, `groupcode`) VALUES ('7506','da_DK.utf8','Web Site costs','GENERAL & ADMINISTRATIVE EXPEN','');
INSERT INTO `chartmaster` (`accountcode`, `language`, `accountname`, `group_`, `groupcode`) VALUES ('7600','da_DK.utf8','Legal Fees','GENERAL & ADMINISTRATIVE EXPEN','');
INSERT INTO `chartmaster` (`accountcode`, `language`, `accountname`, `group_`, `groupcode`) VALUES ('7601','da_DK.utf8','Audit and Accountancy Fees','GENERAL & ADMINISTRATIVE EXPEN','');
INSERT INTO `chartmaster` (`accountcode`, `language`, `accountname`, `group_`, `groupcode`) VALUES ('7603','da_DK.utf8','Professional Fees','GENERAL & ADMINISTRATIVE EXPEN','');
INSERT INTO `chartmaster` (`accountcode`, `language`, `accountname`, `group_`, `groupcode`) VALUES ('7701','da_DK.utf8','Office Machine Maintenance','GENERAL & ADMINISTRATIVE EXPEN','');
INSERT INTO `chartmaster` (`accountcode`, `language`, `accountname`, `group_`, `groupcode`) VALUES ('7710','da_DK.utf8','Computer expenses','GENERAL & ADMINISTRATIVE EXPEN','');
INSERT INTO `chartmaster` (`accountcode`, `language`, `accountname`, `group_`, `groupcode`) VALUES ('7800','da_DK.utf8','Repairs and Renewals','GENERAL & ADMINISTRATIVE EXPEN','');
INSERT INTO `chartmaster` (`accountcode`, `language`, `accountname`, `group_`, `groupcode`) VALUES ('7801','da_DK.utf8','Cleaning','GENERAL & ADMINISTRATIVE EXPEN','');
INSERT INTO `chartmaster` (`accountcode`, `language`, `accountname`, `group_`, `groupcode`) VALUES ('7802','da_DK.utf8','Laundry','GENERAL & ADMINISTRATIVE EXPEN','');
INSERT INTO `chartmaster` (`accountcode`, `language`, `accountname`, `group_`, `groupcode`) VALUES ('7900','da_DK.utf8','Bank Interest Paid','GENERAL & ADMINISTRATIVE EXPEN','');
INSERT INTO `chartmaster` (`accountcode`, `language`, `accountname`, `group_`, `groupcode`) VALUES ('7901','da_DK.utf8','Bank Charges','GENERAL & ADMINISTRATIVE EXPEN','');
INSERT INTO `chartmaster` (`accountcode`, `language`, `accountname`, `group_`, `groupcode`) VALUES ('7903','da_DK.utf8','Loan Interest Paid','GENERAL & ADMINISTRATIVE EXPEN','');
INSERT INTO `chartmaster` (`accountcode`, `language`, `accountname`, `group_`, `groupcode`) VALUES ('7904','da_DK.utf8','H.P. Interest','GENERAL & ADMINISTRATIVE EXPEN','');
INSERT INTO `chartmaster` (`accountcode`, `language`, `accountname`, `group_`, `groupcode`) VALUES ('8000','da_DK.utf8','Depreciation','GENERAL & ADMINISTRATIVE EXPEN','');
INSERT INTO `chartmaster` (`accountcode`, `language`, `accountname`, `group_`, `groupcode`) VALUES ('8005','da_DK.utf8','Goodwill Amortisation','GENERAL & ADMINISTRATIVE EXPEN','');
INSERT INTO `chartmaster` (`accountcode`, `language`, `accountname`, `group_`, `groupcode`) VALUES ('8100','da_DK.utf8','Bad Debt Write Off','GENERAL & ADMINISTRATIVE EXPEN','');
INSERT INTO `chartmaster` (`accountcode`, `language`, `accountname`, `group_`, `groupcode`) VALUES ('8201','da_DK.utf8','Subscriptions','GENERAL & ADMINISTRATIVE EXPEN','');
INSERT INTO `chartmaster` (`accountcode`, `language`, `accountname`, `group_`, `groupcode`) VALUES ('8202','da_DK.utf8','Clothing Costs','GENERAL & ADMINISTRATIVE EXPEN','');
INSERT INTO `chartmaster` (`accountcode`, `language`, `accountname`, `group_`, `groupcode`) VALUES ('8203','da_DK.utf8','Training Costs','GENERAL & ADMINISTRATIVE EXPEN','');
INSERT INTO `chartmaster` (`accountcode`, `language`, `accountname`, `group_`, `groupcode`) VALUES ('8204','da_DK.utf8','Insurance','GENERAL & ADMINISTRATIVE EXPEN','');
INSERT INTO `chartmaster` (`accountcode`, `language`, `accountname`, `group_`, `groupcode`) VALUES ('8205','da_DK.utf8','Refreshments','GENERAL & ADMINISTRATIVE EXPEN','');
INSERT INTO `chartmaster` (`accountcode`, `language`, `accountname`, `group_`, `groupcode`) VALUES ('8500','da_DK.utf8','Dividends','GENERAL & ADMINISTRATIVE EXPEN','');
INSERT INTO `chartmaster` (`accountcode`, `language`, `accountname`, `group_`, `groupcode`) VALUES ('8600','da_DK.utf8','Corporation Tax','GENERAL & ADMINISTRATIVE EXPEN','');
INSERT INTO `chartmaster` (`accountcode`, `language`, `accountname`, `group_`, `groupcode`) VALUES ('9999','da_DK.utf8','Suspense Account','GENERAL & ADMINISTRATIVE EXPEN','');
