INSERT INTO `accountsection` (`sectionid`, `language`, `sectionname`) VALUES (10,'de_AT.utf8','Aktiven');
INSERT INTO `accountsection` (`sectionid`, `language`, `sectionname`) VALUES (20,'de_AT.utf8','Passiven');
INSERT INTO `accountsection` (`sectionid`, `language`, `sectionname`) VALUES (30,'de_AT.utf8','Erfolg');
INSERT INTO `accountsection` (`sectionid`, `language`, `sectionname`) VALUES (40,'de_AT.utf8','Aufwand');

INSERT INTO `accountgroups` (`groupname`, `groupcode`, `language`, `sectioninaccounts`, `pandl`, `sequenceintb`, `parentgroupname`, `parentgroupcode`) VALUES ('ABSCHREIBUNGEN','10','de_AT.utf8',40,1,32767,'','');
INSERT INTO `accountgroups` (`groupname`, `groupcode`, `language`, `sectioninaccounts`, `pandl`, `sequenceintb`, `parentgroupname`, `parentgroupcode`) VALUES ('FINANZANLAGEN','100','de_AT.utf8',10,0,8000,'','');
INSERT INTO `accountgroups` (`groupname`, `groupcode`, `language`, `sectioninaccounts`, `pandl`, `sequenceintb`, `parentgroupname`, `parentgroupcode`) VALUES ('FINANZERTR','110','de_AT.utf8',20,0,32767,'','');
INSERT INTO `accountgroups` (`groupname`, `groupcode`, `language`, `sectioninaccounts`, `pandl`, `sequenceintb`, `parentgroupname`, `parentgroupcode`) VALUES ('FORDERUNGEN AUS ABGABENVERRECH','120','de_AT.utf8',10,0,20000,'','');
INSERT INTO `accountgroups` (`groupname`, `groupcode`, `language`, `sectioninaccounts`, `pandl`, `sequenceintb`, `parentgroupname`, `parentgroupcode`) VALUES ('FORDEUNGEN AUS LIEFERUNGEN UND','130','de_AT.utf8',10,0,18000,'','');
INSERT INTO `accountgroups` (`groupname`, `groupcode`, `language`, `sectioninaccounts`, `pandl`, `sequenceintb`, `parentgroupname`, `parentgroupcode`) VALUES ('FREIWILLIGER SOZIALAUFWAND','140','de_AT.utf8',40,1,32767,'','');
INSERT INTO `accountgroups` (`groupname`, `groupcode`, `language`, `sectioninaccounts`, `pandl`, `sequenceintb`, `parentgroupname`, `parentgroupcode`) VALUES ('GEAHLTSAUFWAND','150','de_AT.utf8',40,1,32767,'','');
INSERT INTO `accountgroups` (`groupname`, `groupcode`, `language`, `sectioninaccounts`, `pandl`, `sequenceintb`, `parentgroupname`, `parentgroupcode`) VALUES ('GELEISTETE ANZAHLUNGEN','160','de_AT.utf8',10,0,7000,'','');
INSERT INTO `accountgroups` (`groupname`, `groupcode`, `language`, `sectioninaccounts`, `pandl`, `sequenceintb`, `parentgroupname`, `parentgroupcode`) VALUES ('GELEISTETE ANZAHLUNGEN 2','170','de_AT.utf8',10,0,16000,'','');
INSERT INTO `accountgroups` (`groupname`, `groupcode`, `language`, `sectioninaccounts`, `pandl`, `sequenceintb`, `parentgroupname`, `parentgroupcode`) VALUES ('GESETZLICHER SOZIALAUFWAND','180','de_AT.utf8',40,1,32767,'','');
INSERT INTO `accountgroups` (`groupname`, `groupcode`, `language`, `sectioninaccounts`, `pandl`, `sequenceintb`, `parentgroupname`, `parentgroupcode`) VALUES ('GEWINN','190','de_AT.utf8',20,0,32767,'','');
INSERT INTO `accountgroups` (`groupname`, `groupcode`, `language`, `sectioninaccounts`, `pandl`, `sequenceintb`, `parentgroupname`, `parentgroupcode`) VALUES ('AUFWENDUNGEN F','20','de_AT.utf8',10,0,1000,'','');
INSERT INTO `accountgroups` (`groupname`, `groupcode`, `language`, `sectioninaccounts`, `pandl`, `sequenceintb`, `parentgroupname`, `parentgroupcode`) VALUES ('GRUNDST','200','de_AT.utf8',10,0,3000,'','');
INSERT INTO `accountgroups` (`groupname`, `groupcode`, `language`, `sectioninaccounts`, `pandl`, `sequenceintb`, `parentgroupname`, `parentgroupcode`) VALUES ('HILFS- UND BETRIEBSSTOFFE','210','de_AT.utf8',10,0,11000,'','');
INSERT INTO `accountgroups` (`groupname`, `groupcode`, `language`, `sectioninaccounts`, `pandl`, `sequenceintb`, `parentgroupname`, `parentgroupcode`) VALUES ('IMMATERIELLE VERM','220','de_AT.utf8',10,0,2000,'','');
INSERT INTO `accountgroups` (`groupname`, `groupcode`, `language`, `sectioninaccounts`, `pandl`, `sequenceintb`, `parentgroupname`, `parentgroupcode`) VALUES ('INSTANDHALTUNGSAUFWAND','230','de_AT.utf8',40,1,32767,'','');
INSERT INTO `accountgroups` (`groupname`, `groupcode`, `language`, `sectioninaccounts`, `pandl`, `sequenceintb`, `parentgroupname`, `parentgroupcode`) VALUES ('KAPITAL','240','de_AT.utf8',20,0,32767,'','');
INSERT INTO `accountgroups` (`groupname`, `groupcode`, `language`, `sectioninaccounts`, `pandl`, `sequenceintb`, `parentgroupname`, `parentgroupcode`) VALUES ('KAPITALR','250','de_AT.utf8',20,0,32767,'','');
INSERT INTO `accountgroups` (`groupname`, `groupcode`, `language`, `sectioninaccounts`, `pandl`, `sequenceintb`, `parentgroupname`, `parentgroupcode`) VALUES ('KASSABESTAND','260','de_AT.utf8',10,0,22000,'','');
INSERT INTO `accountgroups` (`groupname`, `groupcode`, `language`, `sectioninaccounts`, `pandl`, `sequenceintb`, `parentgroupname`, `parentgroupcode`) VALUES ('LANGFRISTIGE VERBINDLICHKEITEN','270','de_AT.utf8',20,0,24000,'','');
INSERT INTO `accountgroups` (`groupname`, `groupcode`, `language`, `sectioninaccounts`, `pandl`, `sequenceintb`, `parentgroupname`, `parentgroupcode`) VALUES ('LOHNAUFWAND','280','de_AT.utf8',40,1,32000,'','');
INSERT INTO `accountgroups` (`groupname`, `groupcode`, `language`, `sectioninaccounts`, `pandl`, `sequenceintb`, `parentgroupname`, `parentgroupcode`) VALUES ('MASCHINEN','290','de_AT.utf8',10,0,4000,'','');
INSERT INTO `accountgroups` (`groupname`, `groupcode`, `language`, `sectioninaccounts`, `pandl`, `sequenceintb`, `parentgroupname`, `parentgroupcode`) VALUES ('BETEILIGUNGSERTR','30','de_AT.utf8',30,1,32767,'','');
INSERT INTO `accountgroups` (`groupname`, `groupcode`, `language`, `sectioninaccounts`, `pandl`, `sequenceintb`, `parentgroupname`, `parentgroupcode`) VALUES ('MIET-,PACHT-,LEASING-, LIZENZA','300','de_AT.utf8',40,1,32767,'','');
INSERT INTO `accountgroups` (`groupname`, `groupcode`, `language`, `sectioninaccounts`, `pandl`, `sequenceintb`, `parentgroupname`, `parentgroupcode`) VALUES ('NOCH NICHT ABGERECHNETE LEISTU','310','de_AT.utf8',10,0,15000,'','');
INSERT INTO `accountgroups` (`groupname`, `groupcode`, `language`, `sectioninaccounts`, `pandl`, `sequenceintb`, `parentgroupname`, `parentgroupcode`) VALUES ('R','320','de_AT.utf8',20,0,32767,'','');
INSERT INTO `accountgroups` (`groupname`, `groupcode`, `language`, `sectioninaccounts`, `pandl`, `sequenceintb`, `parentgroupname`, `parentgroupcode`) VALUES ('ROHSTOFFE','330','de_AT.utf8',10,0,9000,'','');
INSERT INTO `accountgroups` (`groupname`, `groupcode`, `language`, `sectioninaccounts`, `pandl`, `sequenceintb`, `parentgroupname`, `parentgroupcode`) VALUES ('SCHECKS, GUTHABEN BEI KREDITIN','340','de_AT.utf8',10,0,23000,'','');
INSERT INTO `accountgroups` (`groupname`, `groupcode`, `language`, `sectioninaccounts`, `pandl`, `sequenceintb`, `parentgroupname`, `parentgroupcode`) VALUES ('SONSTIGE ERL','350','de_AT.utf8',30,1,29000,'','');
INSERT INTO `accountgroups` (`groupname`, `groupcode`, `language`, `sectioninaccounts`, `pandl`, `sequenceintb`, `parentgroupname`, `parentgroupcode`) VALUES ('SONSTIGE FORDERUNGEN','360','de_AT.utf8',10,0,19000,'','');
INSERT INTO `accountgroups` (`groupname`, `groupcode`, `language`, `sectioninaccounts`, `pandl`, `sequenceintb`, `parentgroupname`, `parentgroupcode`) VALUES ('SONSTIGE STEUERN','370','de_AT.utf8',40,1,32767,'','');
INSERT INTO `accountgroups` (`groupname`, `groupcode`, `language`, `sectioninaccounts`, `pandl`, `sequenceintb`, `parentgroupname`, `parentgroupcode`) VALUES ('TRANSPORTKOSTEN','380','de_AT.utf8',20,0,32767,'','');
INSERT INTO `accountgroups` (`groupname`, `groupcode`, `language`, `sectioninaccounts`, `pandl`, `sequenceintb`, `parentgroupname`, `parentgroupcode`) VALUES ('UMSATZ','390','de_AT.utf8',30,1,27000,'','');
INSERT INTO `accountgroups` (`groupname`, `groupcode`, `language`, `sectioninaccounts`, `pandl`, `sequenceintb`, `parentgroupname`, `parentgroupcode`) VALUES ('BETRIEBS- UND GESCH','40','de_AT.utf8',10,0,6000,'','');
INSERT INTO `accountgroups` (`groupname`, `groupcode`, `language`, `sectioninaccounts`, `pandl`, `sequenceintb`, `parentgroupname`, `parentgroupcode`) VALUES ('UMSATZ BERATUNG','400','de_AT.utf8',30,1,28000,'','');
INSERT INTO `accountgroups` (`groupname`, `groupcode`, `language`, `sectioninaccounts`, `pandl`, `sequenceintb`, `parentgroupname`, `parentgroupcode`) VALUES ('UNFERTIGE ERZEUGNISSE','410','de_AT.utf8',10,0,12000,'','');
INSERT INTO `accountgroups` (`groupname`, `groupcode`, `language`, `sectioninaccounts`, `pandl`, `sequenceintb`, `parentgroupname`, `parentgroupcode`) VALUES ('VERBINDLICHKEITEN AUS LIEFERUN','420','de_AT.utf8',20,0,25000,'','');
INSERT INTO `accountgroups` (`groupname`, `groupcode`, `language`, `sectioninaccounts`, `pandl`, `sequenceintb`, `parentgroupname`, `parentgroupcode`) VALUES ('VERBINDLICHKEITEN FINANZAMT','430','de_AT.utf8',20,0,26000,'','');
INSERT INTO `accountgroups` (`groupname`, `groupcode`, `language`, `sectioninaccounts`, `pandl`, `sequenceintb`, `parentgroupname`, `parentgroupcode`) VALUES ('VERBRAUCH BRENN- UND TREIBSTOF','440','de_AT.utf8',30,1,31000,'','');
INSERT INTO `accountgroups` (`groupname`, `groupcode`, `language`, `sectioninaccounts`, `pandl`, `sequenceintb`, `parentgroupname`, `parentgroupcode`) VALUES ('VERSICHERUNGEN','450','de_AT.utf8',40,1,32767,'','');
INSERT INTO `accountgroups` (`groupname`, `groupcode`, `language`, `sectioninaccounts`, `pandl`, `sequenceintb`, `parentgroupname`, `parentgroupcode`) VALUES ('VERWALTUNGSKOSTEN','460','de_AT.utf8',40,1,32767,'','');
INSERT INTO `accountgroups` (`groupname`, `groupcode`, `language`, `sectioninaccounts`, `pandl`, `sequenceintb`, `parentgroupname`, `parentgroupcode`) VALUES ('WAREN','470','de_AT.utf8',10,0,14000,'','');
INSERT INTO `accountgroups` (`groupname`, `groupcode`, `language`, `sectioninaccounts`, `pandl`, `sequenceintb`, `parentgroupname`, `parentgroupcode`) VALUES ('WARENEINSATZ','480','de_AT.utf8',40,1,30000,'','');
INSERT INTO `accountgroups` (`groupname`, `groupcode`, `language`, `sectioninaccounts`, `pandl`, `sequenceintb`, `parentgroupname`, `parentgroupcode`) VALUES ('WERTBERICHTIGUNGEN','490','de_AT.utf8',10,0,17000,'','');
INSERT INTO `accountgroups` (`groupname`, `groupcode`, `language`, `sectioninaccounts`, `pandl`, `sequenceintb`, `parentgroupname`, `parentgroupcode`) VALUES ('BEZOGENE TEILE','50','de_AT.utf8',10,0,10000,'','');
INSERT INTO `accountgroups` (`groupname`, `groupcode`, `language`, `sectioninaccounts`, `pandl`, `sequenceintb`, `parentgroupname`, `parentgroupcode`) VALUES ('WERTPAPIERE UND ANTEILE','500','de_AT.utf8',10,0,21000,'','');
INSERT INTO `accountgroups` (`groupname`, `groupcode`, `language`, `sectioninaccounts`, `pandl`, `sequenceintb`, `parentgroupname`, `parentgroupcode`) VALUES ('EB,SB,G+V KONTEN','60','de_AT.utf8',20,0,32767,'','');
INSERT INTO `accountgroups` (`groupname`, `groupcode`, `language`, `sectioninaccounts`, `pandl`, `sequenceintb`, `parentgroupname`, `parentgroupcode`) VALUES ('EINLAGEN STILLER GESELLSCHAFTE','70','de_AT.utf8',20,0,32767,'','');
INSERT INTO `accountgroups` (`groupname`, `groupcode`, `language`, `sectioninaccounts`, `pandl`, `sequenceintb`, `parentgroupname`, `parentgroupcode`) VALUES ('FAHRZEUGE','80','de_AT.utf8',10,0,5000,'','');
INSERT INTO `accountgroups` (`groupname`, `groupcode`, `language`, `sectioninaccounts`, `pandl`, `sequenceintb`, `parentgroupname`, `parentgroupcode`) VALUES ('FERTIGE ERZEUGNISSE','90','de_AT.utf8',10,0,13000,'','');

INSERT INTO `chartmaster` (`accountcode`, `language`, `accountname`, `group_`, `groupcode`) VALUES ('0010','de_AT.utf8','Firmenwert','AUFWENDUNGEN F','');
INSERT INTO `chartmaster` (`accountcode`, `language`, `accountname`, `group_`, `groupcode`) VALUES ('0110','de_AT.utf8','Rechte','IMMATERIELLE VERM','');
INSERT INTO `chartmaster` (`accountcode`, `language`, `accountname`, `group_`, `groupcode`) VALUES ('0210','de_AT.utf8','unbebaute Grundst','GRUNDST','');
INSERT INTO `chartmaster` (`accountcode`, `language`, `accountname`, `group_`, `groupcode`) VALUES ('0220','de_AT.utf8','bebaute Grundst','GRUNDST','');
INSERT INTO `chartmaster` (`accountcode`, `language`, `accountname`, `group_`, `groupcode`) VALUES ('0229','de_AT.utf8','kum. Abschreibung bebaute Grundst','GRUNDST','');
INSERT INTO `chartmaster` (`accountcode`, `language`, `accountname`, `group_`, `groupcode`) VALUES ('0410','de_AT.utf8','Maschinen','MASCHINEN','');
INSERT INTO `chartmaster` (`accountcode`, `language`, `accountname`, `group_`, `groupcode`) VALUES ('0419','de_AT.utf8','kum. Abschreibung Maschinen','MASCHINEN','');
INSERT INTO `chartmaster` (`accountcode`, `language`, `accountname`, `group_`, `groupcode`) VALUES ('0510','de_AT.utf8','Fahrzeuge','FAHRZEUGE','');
INSERT INTO `chartmaster` (`accountcode`, `language`, `accountname`, `group_`, `groupcode`) VALUES ('0519','de_AT.utf8','kum. Abschreibung Fahrzeuge','FAHRZEUGE','');
INSERT INTO `chartmaster` (`accountcode`, `language`, `accountname`, `group_`, `groupcode`) VALUES ('0620','de_AT.utf8','B','BETRIEBS- UND GESCH','');
INSERT INTO `chartmaster` (`accountcode`, `language`, `accountname`, `group_`, `groupcode`) VALUES ('0625','de_AT.utf8','kum. Abschreibung Betriebs- und Gesch','BETRIEBS- UND GESCH','');
INSERT INTO `chartmaster` (`accountcode`, `language`, `accountname`, `group_`, `groupcode`) VALUES ('0810','de_AT.utf8','Beteiligungen','FINANZANLAGEN','');
INSERT INTO `chartmaster` (`accountcode`, `language`, `accountname`, `group_`, `groupcode`) VALUES ('0820','de_AT.utf8','Wertpapiere','FINANZANLAGEN','');
INSERT INTO `chartmaster` (`accountcode`, `language`, `accountname`, `group_`, `groupcode`) VALUES ('1120','de_AT.utf8','Vorr','ROHSTOFFE','');
INSERT INTO `chartmaster` (`accountcode`, `language`, `accountname`, `group_`, `groupcode`) VALUES ('1220','de_AT.utf8','Vorr','BEZOGENE TEILE','');
INSERT INTO `chartmaster` (`accountcode`, `language`, `accountname`, `group_`, `groupcode`) VALUES ('1320','de_AT.utf8','Hilfsstoffe','HILFS- UND BETRIEBSSTOFFE','');
INSERT INTO `chartmaster` (`accountcode`, `language`, `accountname`, `group_`, `groupcode`) VALUES ('1350','de_AT.utf8','Betriebssstoffe','HILFS- UND BETRIEBSSTOFFE','');
INSERT INTO `chartmaster` (`accountcode`, `language`, `accountname`, `group_`, `groupcode`) VALUES ('1420','de_AT.utf8','Vorr','UNFERTIGE ERZEUGNISSE','');
INSERT INTO `chartmaster` (`accountcode`, `language`, `accountname`, `group_`, `groupcode`) VALUES ('1520','de_AT.utf8','Vorr','FERTIGE ERZEUGNISSE','');
INSERT INTO `chartmaster` (`accountcode`, `language`, `accountname`, `group_`, `groupcode`) VALUES ('1530','de_AT.utf8','Vorr','FERTIGE ERZEUGNISSE','');
INSERT INTO `chartmaster` (`accountcode`, `language`, `accountname`, `group_`, `groupcode`) VALUES ('1540','de_AT.utf8','Vorr','FERTIGE ERZEUGNISSE','');
INSERT INTO `chartmaster` (`accountcode`, `language`, `accountname`, `group_`, `groupcode`) VALUES ('2010','de_AT.utf8','Forderungen Lieferung & Leistung','FORDEUNGEN AUS LIEFERUNGEN UND','');
INSERT INTO `chartmaster` (`accountcode`, `language`, `accountname`, `group_`, `groupcode`) VALUES ('2019','de_AT.utf8','Wertberichtigung uneinbringliche Forderungen','FORDEUNGEN AUS LIEFERUNGEN UND','');
INSERT INTO `chartmaster` (`accountcode`, `language`, `accountname`, `group_`, `groupcode`) VALUES ('2320','de_AT.utf8','sonstige Forderungen','SONSTIGE FORDERUNGEN','');
INSERT INTO `chartmaster` (`accountcode`, `language`, `accountname`, `group_`, `groupcode`) VALUES ('2520','de_AT.utf8','sonstige Forderungen aus Abgebenverrechnung','FORDERUNGEN AUS ABGABENVERRECH','');
INSERT INTO `chartmaster` (`accountcode`, `language`, `accountname`, `group_`, `groupcode`) VALUES ('2620','de_AT.utf8','Wertpapiere Umlaufverm','WERTPAPIERE UND ANTEILE','');
INSERT INTO `chartmaster` (`accountcode`, `language`, `accountname`, `group_`, `groupcode`) VALUES ('2701','de_AT.utf8','Kassa','KASSABESTAND','');
INSERT INTO `chartmaster` (`accountcode`, `language`, `accountname`, `group_`, `groupcode`) VALUES ('2810','de_AT.utf8','Schecks','SCHECKS, GUTHABEN BEI KREDITIN','');
INSERT INTO `chartmaster` (`accountcode`, `language`, `accountname`, `group_`, `groupcode`) VALUES ('2820','de_AT.utf8','Bankguthaben','SCHECKS, GUTHABEN BEI KREDITIN','');
INSERT INTO `chartmaster` (`accountcode`, `language`, `accountname`, `group_`, `groupcode`) VALUES ('3110','de_AT.utf8','Bank Verbindlichkeiten','LANGFRISTIGE VERBINDLICHKEITEN','');
INSERT INTO `chartmaster` (`accountcode`, `language`, `accountname`, `group_`, `groupcode`) VALUES ('3120','de_AT.utf8','Kredite von Eigent','LANGFRISTIGE VERBINDLICHKEITEN','');
INSERT INTO `chartmaster` (`accountcode`, `language`, `accountname`, `group_`, `groupcode`) VALUES ('3310','de_AT.utf8','Verbindlichkeiten aus Lieferungen und Leistungen','VERBINDLICHKEITEN AUS LIEFERUN','');
INSERT INTO `chartmaster` (`accountcode`, `language`, `accountname`, `group_`, `groupcode`) VALUES ('3510','de_AT.utf8','Finanzamt Verrechnung K','VERBINDLICHKEITEN FINANZAMT','');
INSERT INTO `chartmaster` (`accountcode`, `language`, `accountname`, `group_`, `groupcode`) VALUES ('3520','de_AT.utf8','Finanzamt Verrechnung Umsatzsteuer','VERBINDLICHKEITEN FINANZAMT','');
INSERT INTO `chartmaster` (`accountcode`, `language`, `accountname`, `group_`, `groupcode`) VALUES ('3530','de_AT.utf8','Umsatzsteuer 0%','VERBINDLICHKEITEN FINANZAMT','');
INSERT INTO `chartmaster` (`accountcode`, `language`, `accountname`, `group_`, `groupcode`) VALUES ('3531','de_AT.utf8','Umsatzsteuer 10%','VERBINDLICHKEITEN FINANZAMT','');
INSERT INTO `chartmaster` (`accountcode`, `language`, `accountname`, `group_`, `groupcode`) VALUES ('3532','de_AT.utf8','Umsatzsteuer 20%','VERBINDLICHKEITEN FINANZAMT','');
INSERT INTO `chartmaster` (`accountcode`, `language`, `accountname`, `group_`, `groupcode`) VALUES ('3540','de_AT.utf8','Vorsteuer 0%','VERBINDLICHKEITEN FINANZAMT','');
INSERT INTO `chartmaster` (`accountcode`, `language`, `accountname`, `group_`, `groupcode`) VALUES ('3541','de_AT.utf8','Vorsteuer 10%','VERBINDLICHKEITEN FINANZAMT','');
INSERT INTO `chartmaster` (`accountcode`, `language`, `accountname`, `group_`, `groupcode`) VALUES ('3542','de_AT.utf8','Vorsteuer 20%','VERBINDLICHKEITEN FINANZAMT','');
INSERT INTO `chartmaster` (`accountcode`, `language`, `accountname`, `group_`, `groupcode`) VALUES ('4020','de_AT.utf8','Verkauf - Hardware','UMSATZ','');
INSERT INTO `chartmaster` (`accountcode`, `language`, `accountname`, `group_`, `groupcode`) VALUES ('4030','de_AT.utf8','Verkauf - Software','UMSATZ','');
INSERT INTO `chartmaster` (`accountcode`, `language`, `accountname`, `group_`, `groupcode`) VALUES ('4040','de_AT.utf8','Verkauf - Ersatzteile','UMSATZ','');
INSERT INTO `chartmaster` (`accountcode`, `language`, `accountname`, `group_`, `groupcode`) VALUES ('4320','de_AT.utf8','Erl','UMSATZ BERATUNG','');
INSERT INTO `chartmaster` (`accountcode`, `language`, `accountname`, `group_`, `groupcode`) VALUES ('4330','de_AT.utf8','Erl','UMSATZ BERATUNG','');
INSERT INTO `chartmaster` (`accountcode`, `language`, `accountname`, `group_`, `groupcode`) VALUES ('4630','de_AT.utf8','Frachterl','SONSTIGE ERL','');
INSERT INTO `chartmaster` (`accountcode`, `language`, `accountname`, `group_`, `groupcode`) VALUES ('4640','de_AT.utf8','Devisengewinne','SONSTIGE ERL','');
INSERT INTO `chartmaster` (`accountcode`, `language`, `accountname`, `group_`, `groupcode`) VALUES ('5020','de_AT.utf8','Wareneinsatz / Hardware','WARENEINSATZ','');
INSERT INTO `chartmaster` (`accountcode`, `language`, `accountname`, `group_`, `groupcode`) VALUES ('5030','de_AT.utf8','Wareneinsatz / Software','WARENEINSATZ','');
INSERT INTO `chartmaster` (`accountcode`, `language`, `accountname`, `group_`, `groupcode`) VALUES ('5040','de_AT.utf8','Wareneinsatz / Ersatzteile','WARENEINSATZ','');
INSERT INTO `chartmaster` (`accountcode`, `language`, `accountname`, `group_`, `groupcode`) VALUES ('5610','de_AT.utf8','Energie, Wasser','VERBRAUCH BRENN- UND TREIBSTOF','');
INSERT INTO `chartmaster` (`accountcode`, `language`, `accountname`, `group_`, `groupcode`) VALUES ('6010','de_AT.utf8','Lohn','LOHNAUFWAND','');
INSERT INTO `chartmaster` (`accountcode`, `language`, `accountname`, `group_`, `groupcode`) VALUES ('6210','de_AT.utf8','Gehalt','GEAHLTSAUFWAND','');
INSERT INTO `chartmaster` (`accountcode`, `language`, `accountname`, `group_`, `groupcode`) VALUES ('6510','de_AT.utf8','Dienstgeberanteile','GESETZLICHER SOZIALAUFWAND','');
INSERT INTO `chartmaster` (`accountcode`, `language`, `accountname`, `group_`, `groupcode`) VALUES ('6710','de_AT.utf8','freiwilliger Sozialaufwand','FREIWILLIGER SOZIALAUFWAND','');
INSERT INTO `chartmaster` (`accountcode`, `language`, `accountname`, `group_`, `groupcode`) VALUES ('7010','de_AT.utf8','Abschreibungen','ABSCHREIBUNGEN','');
INSERT INTO `chartmaster` (`accountcode`, `language`, `accountname`, `group_`, `groupcode`) VALUES ('7020','de_AT.utf8','geringwertige Wirtschaftsg','ABSCHREIBUNGEN','');
INSERT INTO `chartmaster` (`accountcode`, `language`, `accountname`, `group_`, `groupcode`) VALUES ('7110','de_AT.utf8','Ertragssteuern','SONSTIGE STEUERN','');
INSERT INTO `chartmaster` (`accountcode`, `language`, `accountname`, `group_`, `groupcode`) VALUES ('7120','de_AT.utf8','Grundsteuern','SONSTIGE STEUERN','');
INSERT INTO `chartmaster` (`accountcode`, `language`, `accountname`, `group_`, `groupcode`) VALUES ('7210','de_AT.utf8','Reparatur und Instandhaltung','INSTANDHALTUNGSAUFWAND','');
INSERT INTO `chartmaster` (`accountcode`, `language`, `accountname`, `group_`, `groupcode`) VALUES ('7310','de_AT.utf8','Frachtaufwand','TRANSPORTKOSTEN','');
INSERT INTO `chartmaster` (`accountcode`, `language`, `accountname`, `group_`, `groupcode`) VALUES ('7410','de_AT.utf8','Miete','MIET-,PACHT-,LEASING-, LIZENZA','');
INSERT INTO `chartmaster` (`accountcode`, `language`, `accountname`, `group_`, `groupcode`) VALUES ('7411','de_AT.utf8','Lizenzen','MIET-,PACHT-,LEASING-, LIZENZA','');
INSERT INTO `chartmaster` (`accountcode`, `language`, `accountname`, `group_`, `groupcode`) VALUES ('7610','de_AT.utf8','Beratungsaufwand','VERWALTUNGSKOSTEN','');
INSERT INTO `chartmaster` (`accountcode`, `language`, `accountname`, `group_`, `groupcode`) VALUES ('7611','de_AT.utf8','B','VERWALTUNGSKOSTEN','');
INSERT INTO `chartmaster` (`accountcode`, `language`, `accountname`, `group_`, `groupcode`) VALUES ('7615','de_AT.utf8','Werbung und Marketing','VERWALTUNGSKOSTEN','');
INSERT INTO `chartmaster` (`accountcode`, `language`, `accountname`, `group_`, `groupcode`) VALUES ('7620','de_AT.utf8','uneinbringliche Forderungen','VERWALTUNGSKOSTEN','');
INSERT INTO `chartmaster` (`accountcode`, `language`, `accountname`, `group_`, `groupcode`) VALUES ('7630','de_AT.utf8','Telephonkosten','VERWALTUNGSKOSTEN','');
INSERT INTO `chartmaster` (`accountcode`, `language`, `accountname`, `group_`, `groupcode`) VALUES ('7631','de_AT.utf8','Internetkosten','VERWALTUNGSKOSTEN','');
INSERT INTO `chartmaster` (`accountcode`, `language`, `accountname`, `group_`, `groupcode`) VALUES ('7632','de_AT.utf8','Reise- und Repr','VERWALTUNGSKOSTEN','');
INSERT INTO `chartmaster` (`accountcode`, `language`, `accountname`, `group_`, `groupcode`) VALUES ('7634','de_AT.utf8','Registrierungsgeb','VERWALTUNGSKOSTEN','');
INSERT INTO `chartmaster` (`accountcode`, `language`, `accountname`, `group_`, `groupcode`) VALUES ('7710','de_AT.utf8','Versicherung','VERSICHERUNGEN','');
INSERT INTO `chartmaster` (`accountcode`, `language`, `accountname`, `group_`, `groupcode`) VALUES ('8020','de_AT.utf8','Bankzinsen und Geb','FINANZERTR','');
INSERT INTO `chartmaster` (`accountcode`, `language`, `accountname`, `group_`, `groupcode`) VALUES ('8050','de_AT.utf8','Devisenverluste','FINANZERTR','');
INSERT INTO `chartmaster` (`accountcode`, `language`, `accountname`, `group_`, `groupcode`) VALUES ('8110','de_AT.utf8','Ertr','BETEILIGUNGSERTR','');
INSERT INTO `chartmaster` (`accountcode`, `language`, `accountname`, `group_`, `groupcode`) VALUES ('9010','de_AT.utf8','Aktien, Gesch','KAPITAL','');
INSERT INTO `chartmaster` (`accountcode`, `language`, `accountname`, `group_`, `groupcode`) VALUES ('9020','de_AT.utf8','nicht einbezahltes Kapital','KAPITAL','');
INSERT INTO `chartmaster` (`accountcode`, `language`, `accountname`, `group_`, `groupcode`) VALUES ('9210','de_AT.utf8','freie R','KAPITALR','');
INSERT INTO `chartmaster` (`accountcode`, `language`, `accountname`, `group_`, `groupcode`) VALUES ('9310','de_AT.utf8','Gewinnvortrag Vorjahr','GEWINN','');
INSERT INTO `chartmaster` (`accountcode`, `language`, `accountname`, `group_`, `groupcode`) VALUES ('9320','de_AT.utf8','Jahresgewinn','GEWINN','');
INSERT INTO `chartmaster` (`accountcode`, `language`, `accountname`, `group_`, `groupcode`) VALUES ('9420','de_AT.utf8','Abfertigungsr','R','');
INSERT INTO `chartmaster` (`accountcode`, `language`, `accountname`, `group_`, `groupcode`) VALUES ('9430','de_AT.utf8','Urlaubsr','R','');
