INSERT INTO `accountsection` (`sectionid`, `language`, `sectionname`) VALUES (10,'en_AU.utf8','Assets');
INSERT INTO `accountsection` (`sectionid`, `language`, `sectionname`) VALUES (20,'en_AU.utf8','Liabilities');
INSERT INTO `accountsection` (`sectionid`, `language`, `sectionname`) VALUES (30,'en_AU.utf8','Income');
INSERT INTO `accountsection` (`sectionid`, `language`, `sectionname`) VALUES (40,'en_AU.utf8','Costs');

INSERT INTO `accountgroups` (`groupname`, `groupcode`, `language`, `sectioninaccounts`, `pandl`, `sequenceintb`, `parentgroupname`, `parentgroupcode`) VALUES ('CAPITAL ASSETS','10','en_AU.utf8',10,0,3000,'','');
INSERT INTO `accountgroups` (`groupname`, `groupcode`, `language`, `sectioninaccounts`, `pandl`, `sequenceintb`, `parentgroupname`, `parentgroupcode`) VALUES ('PAYROLL EXPENSES','100','en_AU.utf8',40,1,10000,'','');
INSERT INTO `accountgroups` (`groupname`, `groupcode`, `language`, `sectioninaccounts`, `pandl`, `sequenceintb`, `parentgroupname`, `parentgroupcode`) VALUES ('SALES REVENUE','110','en_AU.utf8',30,1,7000,'','');
INSERT INTO `accountgroups` (`groupname`, `groupcode`, `language`, `sectioninaccounts`, `pandl`, `sequenceintb`, `parentgroupname`, `parentgroupcode`) VALUES ('STOCK ON HAND','120','en_AU.utf8',10,0,2000,'','');
INSERT INTO `accountgroups` (`groupname`, `groupcode`, `language`, `sectioninaccounts`, `pandl`, `sequenceintb`, `parentgroupname`, `parentgroupcode`) VALUES ('CAR EXPENSES','20','en_AU.utf8',40,1,12000,'','');
INSERT INTO `accountgroups` (`groupname`, `groupcode`, `language`, `sectioninaccounts`, `pandl`, `sequenceintb`, `parentgroupname`, `parentgroupcode`) VALUES ('COST OF GOODS SOLD','30','en_AU.utf8',40,1,9000,'','');
INSERT INTO `accountgroups` (`groupname`, `groupcode`, `language`, `sectioninaccounts`, `pandl`, `sequenceintb`, `parentgroupname`, `parentgroupcode`) VALUES ('CURRENT ASSETS','40','en_AU.utf8',10,0,1000,'','');
INSERT INTO `accountgroups` (`groupname`, `groupcode`, `language`, `sectioninaccounts`, `pandl`, `sequenceintb`, `parentgroupname`, `parentgroupcode`) VALUES ('CURRENT LIABILITIES','50','en_AU.utf8',20,0,4000,'','');
INSERT INTO `accountgroups` (`groupname`, `groupcode`, `language`, `sectioninaccounts`, `pandl`, `sequenceintb`, `parentgroupname`, `parentgroupcode`) VALUES ('EQUITY','60','en_AU.utf8',20,0,6000,'','');
INSERT INTO `accountgroups` (`groupname`, `groupcode`, `language`, `sectioninaccounts`, `pandl`, `sequenceintb`, `parentgroupname`, `parentgroupcode`) VALUES ('GENERAL & ADMINISTRATIVE EXPEN','70','en_AU.utf8',40,1,11000,'','');
INSERT INTO `accountgroups` (`groupname`, `groupcode`, `language`, `sectioninaccounts`, `pandl`, `sequenceintb`, `parentgroupname`, `parentgroupcode`) VALUES ('LONG TERM LIABILITIES','80','en_AU.utf8',20,0,5000,'','');
INSERT INTO `accountgroups` (`groupname`, `groupcode`, `language`, `sectioninaccounts`, `pandl`, `sequenceintb`, `parentgroupname`, `parentgroupcode`) VALUES ('OTHER REVENUE','90','en_AU.utf8',30,1,8000,'','');

INSERT INTO `chartmaster` (`accountcode`, `language`, `accountname`, `group_`, `groupcode`) VALUES ('1060','en_AU.utf8','Cheque Account','CURRENT ASSETS','');
INSERT INTO `chartmaster` (`accountcode`, `language`, `accountname`, `group_`, `groupcode`) VALUES ('1065','en_AU.utf8','Cash / Paid From Private Accounts','CURRENT ASSETS','');
INSERT INTO `chartmaster` (`accountcode`, `language`, `accountname`, `group_`, `groupcode`) VALUES ('1205','en_AU.utf8','Less: Provision Doubtful Debts','CURRENT ASSETS','');
INSERT INTO `chartmaster` (`accountcode`, `language`, `accountname`, `group_`, `groupcode`) VALUES ('1210','en_AU.utf8','Trade Debtors / Australia - with GST','CURRENT ASSETS','');
INSERT INTO `chartmaster` (`accountcode`, `language`, `accountname`, `group_`, `groupcode`) VALUES ('1220','en_AU.utf8','Trade Debtors / Exports - GST free','CURRENT ASSETS','');
INSERT INTO `chartmaster` (`accountcode`, `language`, `accountname`, `group_`, `groupcode`) VALUES ('1230','en_AU.utf8','GST / Refund','CURRENT ASSETS','');
INSERT INTO `chartmaster` (`accountcode`, `language`, `accountname`, `group_`, `groupcode`) VALUES ('1520','en_AU.utf8','SOH / Leather','STOCK ON HAND','');
INSERT INTO `chartmaster` (`accountcode`, `language`, `accountname`, `group_`, `groupcode`) VALUES ('1530','en_AU.utf8','SOH / PVC','STOCK ON HAND','');
INSERT INTO `chartmaster` (`accountcode`, `language`, `accountname`, `group_`, `groupcode`) VALUES ('1540','en_AU.utf8','SOH / Fabrics','STOCK ON HAND','');
INSERT INTO `chartmaster` (`accountcode`, `language`, `accountname`, `group_`, `groupcode`) VALUES ('1550','en_AU.utf8','SOH / Metal Hardware / Fasteners / Accessories','STOCK ON HAND','');
INSERT INTO `chartmaster` (`accountcode`, `language`, `accountname`, `group_`, `groupcode`) VALUES ('1560','en_AU.utf8','SOH / Paint / Glue / Dye','STOCK ON HAND','');
INSERT INTO `chartmaster` (`accountcode`, `language`, `accountname`, `group_`, `groupcode`) VALUES ('1570','en_AU.utf8','SOH / Threads / Tapes / Cords / Laces','STOCK ON HAND','');
INSERT INTO `chartmaster` (`accountcode`, `language`, `accountname`, `group_`, `groupcode`) VALUES ('1580','en_AU.utf8','SOH / Other Goods','STOCK ON HAND','');
INSERT INTO `chartmaster` (`accountcode`, `language`, `accountname`, `group_`, `groupcode`) VALUES ('1820','en_AU.utf8','Plant & Equipment - at Cost','CAPITAL ASSETS','');
INSERT INTO `chartmaster` (`accountcode`, `language`, `accountname`, `group_`, `groupcode`) VALUES ('1825','en_AU.utf8','Less: Accumulated Depreciation','CAPITAL ASSETS','');
INSERT INTO `chartmaster` (`accountcode`, `language`, `accountname`, `group_`, `groupcode`) VALUES ('1840','en_AU.utf8','Motor Vehicles - at Cost','CAPITAL ASSETS','');
INSERT INTO `chartmaster` (`accountcode`, `language`, `accountname`, `group_`, `groupcode`) VALUES ('1845','en_AU.utf8','Less: Accumulated Depreciation','CAPITAL ASSETS','');
INSERT INTO `chartmaster` (`accountcode`, `language`, `accountname`, `group_`, `groupcode`) VALUES ('2100','en_AU.utf8','Trade Creditors','CURRENT LIABILITIES','');
INSERT INTO `chartmaster` (`accountcode`, `language`, `accountname`, `group_`, `groupcode`) VALUES ('2160','en_AU.utf8','Taxation - Payable','CURRENT LIABILITIES','');
INSERT INTO `chartmaster` (`accountcode`, `language`, `accountname`, `group_`, `groupcode`) VALUES ('2210','en_AU.utf8','Workers Compensation - Payable','CURRENT LIABILITIES','');
INSERT INTO `chartmaster` (`accountcode`, `language`, `accountname`, `group_`, `groupcode`) VALUES ('2250','en_AU.utf8','Superannuation - Payable','CURRENT LIABILITIES','');
INSERT INTO `chartmaster` (`accountcode`, `language`, `accountname`, `group_`, `groupcode`) VALUES ('2260','en_AU.utf8','Insurance - Payable','CURRENT LIABILITIES','');
INSERT INTO `chartmaster` (`accountcode`, `language`, `accountname`, `group_`, `groupcode`) VALUES ('2290','en_AU.utf8','GST / Payable','CURRENT LIABILITIES','');
INSERT INTO `chartmaster` (`accountcode`, `language`, `accountname`, `group_`, `groupcode`) VALUES ('2300','en_AU.utf8','GST Payments / Refunds','CURRENT LIABILITIES','');
INSERT INTO `chartmaster` (`accountcode`, `language`, `accountname`, `group_`, `groupcode`) VALUES ('2310','en_AU.utf8','GST Adjustments','CURRENT LIABILITIES','');
INSERT INTO `chartmaster` (`accountcode`, `language`, `accountname`, `group_`, `groupcode`) VALUES ('2620','en_AU.utf8','Bank Loans','LONG TERM LIABILITIES','');
INSERT INTO `chartmaster` (`accountcode`, `language`, `accountname`, `group_`, `groupcode`) VALUES ('2640','en_AU.utf8','Hire Purchase','LONG TERM LIABILITIES','');
INSERT INTO `chartmaster` (`accountcode`, `language`, `accountname`, `group_`, `groupcode`) VALUES ('2650','en_AU.utf8','Other Loans','LONG TERM LIABILITIES','');
INSERT INTO `chartmaster` (`accountcode`, `language`, `accountname`, `group_`, `groupcode`) VALUES ('3350','en_AU.utf8','Issued & Paid up Capital','EQUITY','');
INSERT INTO `chartmaster` (`accountcode`, `language`, `accountname`, `group_`, `groupcode`) VALUES ('3360','en_AU.utf8','Payments for G & S for own Use','EQUITY','');
INSERT INTO `chartmaster` (`accountcode`, `language`, `accountname`, `group_`, `groupcode`) VALUES ('3370','en_AU.utf8','Opening Account Balance','EQUITY','');
INSERT INTO `chartmaster` (`accountcode`, `language`, `accountname`, `group_`, `groupcode`) VALUES ('3380','en_AU.utf8','Credit Payments / Holding Account','EQUITY','');
INSERT INTO `chartmaster` (`accountcode`, `language`, `accountname`, `group_`, `groupcode`) VALUES ('3390','en_AU.utf8','Retained Profits','EQUITY','');
INSERT INTO `chartmaster` (`accountcode`, `language`, `accountname`, `group_`, `groupcode`) VALUES ('4020','en_AU.utf8','Sales / Manufactured Products','SALES REVENUE','');
INSERT INTO `chartmaster` (`accountcode`, `language`, `accountname`, `group_`, `groupcode`) VALUES ('4030','en_AU.utf8','Sales / General','SALES REVENUE','');
INSERT INTO `chartmaster` (`accountcode`, `language`, `accountname`, `group_`, `groupcode`) VALUES ('4410','en_AU.utf8','Shop Labour','OTHER REVENUE','');
INSERT INTO `chartmaster` (`accountcode`, `language`, `accountname`, `group_`, `groupcode`) VALUES ('4420','en_AU.utf8','Design / Patternmaking','OTHER REVENUE','');
INSERT INTO `chartmaster` (`accountcode`, `language`, `accountname`, `group_`, `groupcode`) VALUES ('4430','en_AU.utf8','Shipping & Handling','OTHER REVENUE','');
INSERT INTO `chartmaster` (`accountcode`, `language`, `accountname`, `group_`, `groupcode`) VALUES ('4440','en_AU.utf8','Interest Received','OTHER REVENUE','');
INSERT INTO `chartmaster` (`accountcode`, `language`, `accountname`, `group_`, `groupcode`) VALUES ('4450','en_AU.utf8','Foreign Exchange Profit','OTHER REVENUE','');
INSERT INTO `chartmaster` (`accountcode`, `language`, `accountname`, `group_`, `groupcode`) VALUES ('4460','en_AU.utf8','Mark-Up / Price Adjustment','OTHER REVENUE','');
INSERT INTO `chartmaster` (`accountcode`, `language`, `accountname`, `group_`, `groupcode`) VALUES ('4470','en_AU.utf8','Computer Consultancy / Training','OTHER REVENUE','');
INSERT INTO `chartmaster` (`accountcode`, `language`, `accountname`, `group_`, `groupcode`) VALUES ('5020','en_AU.utf8','COGS / Leather','COST OF GOODS SOLD','');
INSERT INTO `chartmaster` (`accountcode`, `language`, `accountname`, `group_`, `groupcode`) VALUES ('5030','en_AU.utf8','COGS / PVC','COST OF GOODS SOLD','');
INSERT INTO `chartmaster` (`accountcode`, `language`, `accountname`, `group_`, `groupcode`) VALUES ('5040','en_AU.utf8','COGS / Fabrics','COST OF GOODS SOLD','');
INSERT INTO `chartmaster` (`accountcode`, `language`, `accountname`, `group_`, `groupcode`) VALUES ('5050','en_AU.utf8','COGS / Metal Hardware / Fasteners / Accessories','COST OF GOODS SOLD','');
INSERT INTO `chartmaster` (`accountcode`, `language`, `accountname`, `group_`, `groupcode`) VALUES ('5060','en_AU.utf8','COGS / Paint / Glue / Dye','COST OF GOODS SOLD','');
INSERT INTO `chartmaster` (`accountcode`, `language`, `accountname`, `group_`, `groupcode`) VALUES ('5070','en_AU.utf8','COGS / Threads / Tapes / Cords / Laces','COST OF GOODS SOLD','');
INSERT INTO `chartmaster` (`accountcode`, `language`, `accountname`, `group_`, `groupcode`) VALUES ('5080','en_AU.utf8','COGS / Other Goods','COST OF GOODS SOLD','');
INSERT INTO `chartmaster` (`accountcode`, `language`, `accountname`, `group_`, `groupcode`) VALUES ('5410','en_AU.utf8','Wages','PAYROLL EXPENSES','');
INSERT INTO `chartmaster` (`accountcode`, `language`, `accountname`, `group_`, `groupcode`) VALUES ('5430','en_AU.utf8','Superannuation','PAYROLL EXPENSES','');
INSERT INTO `chartmaster` (`accountcode`, `language`, `accountname`, `group_`, `groupcode`) VALUES ('5440','en_AU.utf8','Workers Compensation','PAYROLL EXPENSES','');
INSERT INTO `chartmaster` (`accountcode`, `language`, `accountname`, `group_`, `groupcode`) VALUES ('5470','en_AU.utf8','Staff Amenities','PAYROLL EXPENSES','');
INSERT INTO `chartmaster` (`accountcode`, `language`, `accountname`, `group_`, `groupcode`) VALUES ('5605','en_AU.utf8','External labour costs','GENERAL & ADMINISTRATIVE EXPEN','');
INSERT INTO `chartmaster` (`accountcode`, `language`, `accountname`, `group_`, `groupcode`) VALUES ('5610','en_AU.utf8','Accountancy','GENERAL & ADMINISTRATIVE EXPEN','');
INSERT INTO `chartmaster` (`accountcode`, `language`, `accountname`, `group_`, `groupcode`) VALUES ('5611','en_AU.utf8','Legal Fees','GENERAL & ADMINISTRATIVE EXPEN','');
INSERT INTO `chartmaster` (`accountcode`, `language`, `accountname`, `group_`, `groupcode`) VALUES ('5613','en_AU.utf8','Postage / Printing / Stationery','GENERAL & ADMINISTRATIVE EXPEN','');
INSERT INTO `chartmaster` (`accountcode`, `language`, `accountname`, `group_`, `groupcode`) VALUES ('5614','en_AU.utf8','Freight and Cartage','GENERAL & ADMINISTRATIVE EXPEN','');
INSERT INTO `chartmaster` (`accountcode`, `language`, `accountname`, `group_`, `groupcode`) VALUES ('5615','en_AU.utf8','Advertising & Promotions','GENERAL & ADMINISTRATIVE EXPEN','');
INSERT INTO `chartmaster` (`accountcode`, `language`, `accountname`, `group_`, `groupcode`) VALUES ('5620','en_AU.utf8','Bad Debts','GENERAL & ADMINISTRATIVE EXPEN','');
INSERT INTO `chartmaster` (`accountcode`, `language`, `accountname`, `group_`, `groupcode`) VALUES ('5650','en_AU.utf8','Capital Cost Allowance Expense','GENERAL & ADMINISTRATIVE EXPEN','');
INSERT INTO `chartmaster` (`accountcode`, `language`, `accountname`, `group_`, `groupcode`) VALUES ('5660','en_AU.utf8','Interest Expenses','GENERAL & ADMINISTRATIVE EXPEN','');
INSERT INTO `chartmaster` (`accountcode`, `language`, `accountname`, `group_`, `groupcode`) VALUES ('5670','en_AU.utf8','Depreciation Expenses','GENERAL & ADMINISTRATIVE EXPEN','');
INSERT INTO `chartmaster` (`accountcode`, `language`, `accountname`, `group_`, `groupcode`) VALUES ('5680','en_AU.utf8','Taxation','GENERAL & ADMINISTRATIVE EXPEN','');
INSERT INTO `chartmaster` (`accountcode`, `language`, `accountname`, `group_`, `groupcode`) VALUES ('5685','en_AU.utf8','Insurance','GENERAL & ADMINISTRATIVE EXPEN','');
INSERT INTO `chartmaster` (`accountcode`, `language`, `accountname`, `group_`, `groupcode`) VALUES ('5686','en_AU.utf8','Security','GENERAL & ADMINISTRATIVE EXPEN','');
INSERT INTO `chartmaster` (`accountcode`, `language`, `accountname`, `group_`, `groupcode`) VALUES ('5690','en_AU.utf8','Bank Fees And Charges','GENERAL & ADMINISTRATIVE EXPEN','');
INSERT INTO `chartmaster` (`accountcode`, `language`, `accountname`, `group_`, `groupcode`) VALUES ('5695','en_AU.utf8','Other Fees And Charges','GENERAL & ADMINISTRATIVE EXPEN','');
INSERT INTO `chartmaster` (`accountcode`, `language`, `accountname`, `group_`, `groupcode`) VALUES ('5700','en_AU.utf8','Office Supplies','GENERAL & ADMINISTRATIVE EXPEN','');
INSERT INTO `chartmaster` (`accountcode`, `language`, `accountname`, `group_`, `groupcode`) VALUES ('5760','en_AU.utf8','Rent on Land & Buildings','GENERAL & ADMINISTRATIVE EXPEN','');
INSERT INTO `chartmaster` (`accountcode`, `language`, `accountname`, `group_`, `groupcode`) VALUES ('5765','en_AU.utf8','Repairs & Maintenance','GENERAL & ADMINISTRATIVE EXPEN','');
INSERT INTO `chartmaster` (`accountcode`, `language`, `accountname`, `group_`, `groupcode`) VALUES ('5766','en_AU.utf8','Fixtures & Fittings','GENERAL & ADMINISTRATIVE EXPEN','');
INSERT INTO `chartmaster` (`accountcode`, `language`, `accountname`, `group_`, `groupcode`) VALUES ('5770','en_AU.utf8','Replacements (tools, etc)','GENERAL & ADMINISTRATIVE EXPEN','');
INSERT INTO `chartmaster` (`accountcode`, `language`, `accountname`, `group_`, `groupcode`) VALUES ('5780','en_AU.utf8','Telephone','GENERAL & ADMINISTRATIVE EXPEN','');
INSERT INTO `chartmaster` (`accountcode`, `language`, `accountname`, `group_`, `groupcode`) VALUES ('5782','en_AU.utf8','Computer Expenses','GENERAL & ADMINISTRATIVE EXPEN','');
INSERT INTO `chartmaster` (`accountcode`, `language`, `accountname`, `group_`, `groupcode`) VALUES ('5783','en_AU.utf8','Research & Development','GENERAL & ADMINISTRATIVE EXPEN','');
INSERT INTO `chartmaster` (`accountcode`, `language`, `accountname`, `group_`, `groupcode`) VALUES ('5785','en_AU.utf8','Travel, Accommodation & Conference','GENERAL & ADMINISTRATIVE EXPEN','');
INSERT INTO `chartmaster` (`accountcode`, `language`, `accountname`, `group_`, `groupcode`) VALUES ('5790','en_AU.utf8','Hire / Rent of Plant & Equipment','GENERAL & ADMINISTRATIVE EXPEN','');
INSERT INTO `chartmaster` (`accountcode`, `language`, `accountname`, `group_`, `groupcode`) VALUES ('5795','en_AU.utf8','Registration & Insurance','GENERAL & ADMINISTRATIVE EXPEN','');
INSERT INTO `chartmaster` (`accountcode`, `language`, `accountname`, `group_`, `groupcode`) VALUES ('5800','en_AU.utf8','Licenses','GENERAL & ADMINISTRATIVE EXPEN','');
INSERT INTO `chartmaster` (`accountcode`, `language`, `accountname`, `group_`, `groupcode`) VALUES ('5810','en_AU.utf8','Foreign Exchange Loss','GENERAL & ADMINISTRATIVE EXPEN','');
INSERT INTO `chartmaster` (`accountcode`, `language`, `accountname`, `group_`, `groupcode`) VALUES ('5811','en_AU.utf8','Electricity','GENERAL & ADMINISTRATIVE EXPEN','');
INSERT INTO `chartmaster` (`accountcode`, `language`, `accountname`, `group_`, `groupcode`) VALUES ('5812','en_AU.utf8','Gas','GENERAL & ADMINISTRATIVE EXPEN','');
INSERT INTO `chartmaster` (`accountcode`, `language`, `accountname`, `group_`, `groupcode`) VALUES ('5813','en_AU.utf8','Sundry Expenses','GENERAL & ADMINISTRATIVE EXPEN','');
INSERT INTO `chartmaster` (`accountcode`, `language`, `accountname`, `group_`, `groupcode`) VALUES ('5820','en_AU.utf8','Goods & Services for own Use','GENERAL & ADMINISTRATIVE EXPEN','');
INSERT INTO `chartmaster` (`accountcode`, `language`, `accountname`, `group_`, `groupcode`) VALUES ('5830','en_AU.utf8','Discounts / Refunds / Rounding','GENERAL & ADMINISTRATIVE EXPEN','');
INSERT INTO `chartmaster` (`accountcode`, `language`, `accountname`, `group_`, `groupcode`) VALUES ('5840','en_AU.utf8','Fines - NON DEDUCTIBLE EXPENSES','GENERAL & ADMINISTRATIVE EXPEN','');
INSERT INTO `chartmaster` (`accountcode`, `language`, `accountname`, `group_`, `groupcode`) VALUES ('6010','en_AU.utf8','M/V Commercial - Fuels / Oils / Parts','CAR EXPENSES','');
INSERT INTO `chartmaster` (`accountcode`, `language`, `accountname`, `group_`, `groupcode`) VALUES ('6020','en_AU.utf8','M/V Commercial - Repairs','CAR EXPENSES','');
INSERT INTO `chartmaster` (`accountcode`, `language`, `accountname`, `group_`, `groupcode`) VALUES ('6040','en_AU.utf8','M/V Commercial - Reg / Insurance','CAR EXPENSES','');
INSERT INTO `chartmaster` (`accountcode`, `language`, `accountname`, `group_`, `groupcode`) VALUES ('6050','en_AU.utf8','M/V Commercial - Depreciation Expenses','CAR EXPENSES','');
INSERT INTO `chartmaster` (`accountcode`, `language`, `accountname`, `group_`, `groupcode`) VALUES ('6060','en_AU.utf8','M/V Commercial - Interest Expenses','CAR EXPENSES','');
INSERT INTO `chartmaster` (`accountcode`, `language`, `accountname`, `group_`, `groupcode`) VALUES ('6070','en_AU.utf8','M/V Private Use - Depreciation Expenses','CAR EXPENSES','');
INSERT INTO `chartmaster` (`accountcode`, `language`, `accountname`, `group_`, `groupcode`) VALUES ('6080','en_AU.utf8','M/V Private Use - Interest Expenses','CAR EXPENSES','');
INSERT INTO `chartmaster` (`accountcode`, `language`, `accountname`, `group_`, `groupcode`) VALUES ('6090','en_AU.utf8','M/V Private Use - Other Expenses','CAR EXPENSES','');
