INSERT INTO `accountsection` (`sectionid`, `language`, `sectionname`) VALUES (10,'en_CA.utf8','Assets');
INSERT INTO `accountsection` (`sectionid`, `language`, `sectionname`) VALUES (20,'en_CA.utf8','Liabilities');
INSERT INTO `accountsection` (`sectionid`, `language`, `sectionname`) VALUES (30,'en_CA.utf8','Income');
INSERT INTO `accountsection` (`sectionid`, `language`, `sectionname`) VALUES (40,'en_CA.utf8','Costs');
INSERT INTO `accountsection` (`sectionid`, `language`, `sectionname`) VALUES (10,'fr_CA.utf8','Assets');
INSERT INTO `accountsection` (`sectionid`, `language`, `sectionname`) VALUES (20,'fr_CA.utf8','Liabilities');
INSERT INTO `accountsection` (`sectionid`, `language`, `sectionname`) VALUES (30,'fr_CA.utf8','Income');
INSERT INTO `accountsection` (`sectionid`, `language`, `sectionname`) VALUES (40,'fr_CA.utf8','Costs');

INSERT INTO `accountgroups` (`groupname`, `groupcode`, `language`, `sectioninaccounts`, `pandl`, `sequenceintb`, `parentgroupname`, `parentgroupcode`) VALUES ('CAPITAL ASSETS','10','en_CA.utf8',10,0,3000,'','');
INSERT INTO `accountgroups` (`groupname`, `groupcode`, `language`, `sectioninaccounts`, `pandl`, `sequenceintb`, `parentgroupname`, `parentgroupcode`) VALUES ('PAYROLL EXPENSES','100','en_CA.utf8',40,1,11000,'','');
INSERT INTO `accountgroups` (`groupname`, `groupcode`, `language`, `sectioninaccounts`, `pandl`, `sequenceintb`, `parentgroupname`, `parentgroupcode`) VALUES ('SALES REVENUE','110','en_CA.utf8',30,1,8000,'','');
INSERT INTO `accountgroups` (`groupname`, `groupcode`, `language`, `sectioninaccounts`, `pandl`, `sequenceintb`, `parentgroupname`, `parentgroupcode`) VALUES ('SHARE CAPITAL','120','en_CA.utf8',20,0,7000,'','');
INSERT INTO `accountgroups` (`groupname`, `groupcode`, `language`, `sectioninaccounts`, `pandl`, `sequenceintb`, `parentgroupname`, `parentgroupcode`) VALUES ('COST OF GOODS SOLD','20','en_CA.utf8',40,1,10000,'','');
INSERT INTO `accountgroups` (`groupname`, `groupcode`, `language`, `sectioninaccounts`, `pandl`, `sequenceintb`, `parentgroupname`, `parentgroupcode`) VALUES ('CURRENT ASSETS','30','en_CA.utf8',10,0,1000,'','');
INSERT INTO `accountgroups` (`groupname`, `groupcode`, `language`, `sectioninaccounts`, `pandl`, `sequenceintb`, `parentgroupname`, `parentgroupcode`) VALUES ('CURRENT LIABILITIES','40','en_CA.utf8',20,0,4000,'','');
INSERT INTO `accountgroups` (`groupname`, `groupcode`, `language`, `sectioninaccounts`, `pandl`, `sequenceintb`, `parentgroupname`, `parentgroupcode`) VALUES ('GENERAL & ADMINISTRATIVE EXPEN','50','en_CA.utf8',40,1,12000,'','');
INSERT INTO `accountgroups` (`groupname`, `groupcode`, `language`, `sectioninaccounts`, `pandl`, `sequenceintb`, `parentgroupname`, `parentgroupcode`) VALUES ('INVENTORY ASSETS','60','en_CA.utf8',10,0,2000,'','');
INSERT INTO `accountgroups` (`groupname`, `groupcode`, `language`, `sectioninaccounts`, `pandl`, `sequenceintb`, `parentgroupname`, `parentgroupcode`) VALUES ('LONG TERM LIABILITIES','70','en_CA.utf8',20,0,6000,'','');
INSERT INTO `accountgroups` (`groupname`, `groupcode`, `language`, `sectioninaccounts`, `pandl`, `sequenceintb`, `parentgroupname`, `parentgroupcode`) VALUES ('OTHER REVENUE','80','en_CA.utf8',30,1,9000,'','');
INSERT INTO `accountgroups` (`groupname`, `groupcode`, `language`, `sectioninaccounts`, `pandl`, `sequenceintb`, `parentgroupname`, `parentgroupcode`) VALUES ('PAYROLL DEDUCTIONS','90','en_CA.utf8',20,0,5000,'','');
INSERT INTO `accountgroups` (`groupname`, `groupcode`, `language`, `sectioninaccounts`, `pandl`, `sequenceintb`, `parentgroupname`, `parentgroupcode`) VALUES ('ACTIF COURANT','10','fr_CA.utf8',10,0,1000,'','');
INSERT INTO `accountgroups` (`groupname`, `groupcode`, `language`, `sectioninaccounts`, `pandl`, `sequenceintb`, `parentgroupname`, `parentgroupcode`) VALUES ('RETENUES SUR SALAIRE','100','fr_CA.utf8',20,0,5000,'','');
INSERT INTO `accountgroups` (`groupname`, `groupcode`, `language`, `sectioninaccounts`, `pandl`, `sequenceintb`, `parentgroupname`, `parentgroupcode`) VALUES ('REVENUS DE VENTE','110','fr_CA.utf8',30,1,8000,'','');
INSERT INTO `accountgroups` (`groupname`, `groupcode`, `language`, `sectioninaccounts`, `pandl`, `sequenceintb`, `parentgroupname`, `parentgroupcode`) VALUES ('STOCKS','120','fr_CA.utf8',10,0,2000,'','');
INSERT INTO `accountgroups` (`groupname`, `groupcode`, `language`, `sectioninaccounts`, `pandl`, `sequenceintb`, `parentgroupname`, `parentgroupcode`) VALUES ('AUTRES IMMOBILISATIONS','20','fr_CA.utf8',10,0,3000,'','');
INSERT INTO `accountgroups` (`groupname`, `groupcode`, `language`, `sectioninaccounts`, `pandl`, `sequenceintb`, `parentgroupname`, `parentgroupcode`) VALUES ('AUTRES REVENUS','30','fr_CA.utf8',30,1,9000,'','');
INSERT INTO `accountgroups` (`groupname`, `groupcode`, `language`, `sectioninaccounts`, `pandl`, `sequenceintb`, `parentgroupname`, `parentgroupcode`) VALUES ('CAPITAL SOCIAL','40','fr_CA.utf8',20,0,7000,'','');
INSERT INTO `accountgroups` (`groupname`, `groupcode`, `language`, `sectioninaccounts`, `pandl`, `sequenceintb`, `parentgroupname`, `parentgroupcode`) VALUES ('CO','50','fr_CA.utf8',40,1,10000,'','');
INSERT INTO `accountgroups` (`groupname`, `groupcode`, `language`, `sectioninaccounts`, `pandl`, `sequenceintb`, `parentgroupname`, `parentgroupcode`) VALUES ('D','60','fr_CA.utf8',40,1,12000,'','');
INSERT INTO `accountgroups` (`groupname`, `groupcode`, `language`, `sectioninaccounts`, `pandl`, `sequenceintb`, `parentgroupname`, `parentgroupcode`) VALUES ('FRAIS DE PERSONNEL','70','fr_CA.utf8',40,1,11000,'','');
INSERT INTO `accountgroups` (`groupname`, `groupcode`, `language`, `sectioninaccounts`, `pandl`, `sequenceintb`, `parentgroupname`, `parentgroupcode`) VALUES ('PASSIF','80','fr_CA.utf8',20,0,6000,'','');
INSERT INTO `accountgroups` (`groupname`, `groupcode`, `language`, `sectioninaccounts`, `pandl`, `sequenceintb`, `parentgroupname`, `parentgroupcode`) VALUES ('PASSIF COURANT','90','fr_CA.utf8',20,0,4000,'','');

INSERT INTO `chartmaster` (`accountcode`, `language`, `accountname`, `group_`, `groupcode`) VALUES ('1060','en_CA.utf8','Chequing Account','CURRENT ASSETS','');
INSERT INTO `chartmaster` (`accountcode`, `language`, `accountname`, `group_`, `groupcode`) VALUES ('1065','en_CA.utf8','Petty Cash','CURRENT ASSETS','');
INSERT INTO `chartmaster` (`accountcode`, `language`, `accountname`, `group_`, `groupcode`) VALUES ('1200','en_CA.utf8','Accounts Receivables','CURRENT ASSETS','');
INSERT INTO `chartmaster` (`accountcode`, `language`, `accountname`, `group_`, `groupcode`) VALUES ('1205','en_CA.utf8','Allowance for doubtful accounts','CURRENT ASSETS','');
INSERT INTO `chartmaster` (`accountcode`, `language`, `accountname`, `group_`, `groupcode`) VALUES ('1520','en_CA.utf8','Inventory / General','INVENTORY ASSETS','');
INSERT INTO `chartmaster` (`accountcode`, `language`, `accountname`, `group_`, `groupcode`) VALUES ('1530','en_CA.utf8','Inventory / Aftermarket Parts','INVENTORY ASSETS','');
INSERT INTO `chartmaster` (`accountcode`, `language`, `accountname`, `group_`, `groupcode`) VALUES ('1540','en_CA.utf8','Inventory / Raw Materials','INVENTORY ASSETS','');
INSERT INTO `chartmaster` (`accountcode`, `language`, `accountname`, `group_`, `groupcode`) VALUES ('1820','en_CA.utf8','Office Furniture & Equipment','CAPITAL ASSETS','');
INSERT INTO `chartmaster` (`accountcode`, `language`, `accountname`, `group_`, `groupcode`) VALUES ('1825','en_CA.utf8','Accum. Amort. -Furn. & Equip.','CAPITAL ASSETS','');
INSERT INTO `chartmaster` (`accountcode`, `language`, `accountname`, `group_`, `groupcode`) VALUES ('1840','en_CA.utf8','Vehicle','CAPITAL ASSETS','');
INSERT INTO `chartmaster` (`accountcode`, `language`, `accountname`, `group_`, `groupcode`) VALUES ('1845','en_CA.utf8','Accum. Amort. -Vehicle','CAPITAL ASSETS','');
INSERT INTO `chartmaster` (`accountcode`, `language`, `accountname`, `group_`, `groupcode`) VALUES ('2100','en_CA.utf8','Accounts Payable','CURRENT LIABILITIES','');
INSERT INTO `chartmaster` (`accountcode`, `language`, `accountname`, `group_`, `groupcode`) VALUES ('2160','en_CA.utf8','Federal Taxes Payable','CURRENT LIABILITIES','');
INSERT INTO `chartmaster` (`accountcode`, `language`, `accountname`, `group_`, `groupcode`) VALUES ('2170','en_CA.utf8','Provincial Taxes Payable','CURRENT LIABILITIES','');
INSERT INTO `chartmaster` (`accountcode`, `language`, `accountname`, `group_`, `groupcode`) VALUES ('2310','en_CA.utf8','GST','CURRENT LIABILITIES','');
INSERT INTO `chartmaster` (`accountcode`, `language`, `accountname`, `group_`, `groupcode`) VALUES ('2320','en_CA.utf8','PST','CURRENT LIABILITIES','');
INSERT INTO `chartmaster` (`accountcode`, `language`, `accountname`, `group_`, `groupcode`) VALUES ('2380','en_CA.utf8','Vacation Pay Payable','CURRENT LIABILITIES','');
INSERT INTO `chartmaster` (`accountcode`, `language`, `accountname`, `group_`, `groupcode`) VALUES ('2390','en_CA.utf8','WCB Payable','CURRENT LIABILITIES','');
INSERT INTO `chartmaster` (`accountcode`, `language`, `accountname`, `group_`, `groupcode`) VALUES ('2410','en_CA.utf8','EI Payable','PAYROLL DEDUCTIONS','');
INSERT INTO `chartmaster` (`accountcode`, `language`, `accountname`, `group_`, `groupcode`) VALUES ('2420','en_CA.utf8','CPP Payable','PAYROLL DEDUCTIONS','');
INSERT INTO `chartmaster` (`accountcode`, `language`, `accountname`, `group_`, `groupcode`) VALUES ('2450','en_CA.utf8','Income Tax Payable','PAYROLL DEDUCTIONS','');
INSERT INTO `chartmaster` (`accountcode`, `language`, `accountname`, `group_`, `groupcode`) VALUES ('2620','en_CA.utf8','Bank Loans','LONG TERM LIABILITIES','');
INSERT INTO `chartmaster` (`accountcode`, `language`, `accountname`, `group_`, `groupcode`) VALUES ('2680','en_CA.utf8','Loans from Shareholders','LONG TERM LIABILITIES','');
INSERT INTO `chartmaster` (`accountcode`, `language`, `accountname`, `group_`, `groupcode`) VALUES ('3350','en_CA.utf8','Common Shares','SHARE CAPITAL','');
INSERT INTO `chartmaster` (`accountcode`, `language`, `accountname`, `group_`, `groupcode`) VALUES ('4020','en_CA.utf8','General Sales','SALES REVENUE','');
INSERT INTO `chartmaster` (`accountcode`, `language`, `accountname`, `group_`, `groupcode`) VALUES ('4030','en_CA.utf8','Aftermarket Parts','SALES REVENUE','');
INSERT INTO `chartmaster` (`accountcode`, `language`, `accountname`, `group_`, `groupcode`) VALUES ('4430','en_CA.utf8','Shipping & Handling','OTHER REVENUE','');
INSERT INTO `chartmaster` (`accountcode`, `language`, `accountname`, `group_`, `groupcode`) VALUES ('4440','en_CA.utf8','Interest','OTHER REVENUE','');
INSERT INTO `chartmaster` (`accountcode`, `language`, `accountname`, `group_`, `groupcode`) VALUES ('4450','en_CA.utf8','Foreign Exchange Gain / (Loss)','OTHER REVENUE','');
INSERT INTO `chartmaster` (`accountcode`, `language`, `accountname`, `group_`, `groupcode`) VALUES ('5010','en_CA.utf8','Purchases','COST OF GOODS SOLD','');
INSERT INTO `chartmaster` (`accountcode`, `language`, `accountname`, `group_`, `groupcode`) VALUES ('5050','en_CA.utf8','Aftermarket Parts','COST OF GOODS SOLD','');
INSERT INTO `chartmaster` (`accountcode`, `language`, `accountname`, `group_`, `groupcode`) VALUES ('5100','en_CA.utf8','Freight','COST OF GOODS SOLD','');
INSERT INTO `chartmaster` (`accountcode`, `language`, `accountname`, `group_`, `groupcode`) VALUES ('5410','en_CA.utf8','Wages & Salaries','PAYROLL EXPENSES','');
INSERT INTO `chartmaster` (`accountcode`, `language`, `accountname`, `group_`, `groupcode`) VALUES ('5420','en_CA.utf8','EI Expense','PAYROLL EXPENSES','');
INSERT INTO `chartmaster` (`accountcode`, `language`, `accountname`, `group_`, `groupcode`) VALUES ('5430','en_CA.utf8','CPP Expense','PAYROLL EXPENSES','');
INSERT INTO `chartmaster` (`accountcode`, `language`, `accountname`, `group_`, `groupcode`) VALUES ('5440','en_CA.utf8','WCB Expense','PAYROLL EXPENSES','');
INSERT INTO `chartmaster` (`accountcode`, `language`, `accountname`, `group_`, `groupcode`) VALUES ('5610','en_CA.utf8','Accounting & Legal','GENERAL & ADMINISTRATIVE EXPEN','');
INSERT INTO `chartmaster` (`accountcode`, `language`, `accountname`, `group_`, `groupcode`) VALUES ('5615','en_CA.utf8','Advertising & Promotions','GENERAL & ADMINISTRATIVE EXPEN','');
INSERT INTO `chartmaster` (`accountcode`, `language`, `accountname`, `group_`, `groupcode`) VALUES ('5620','en_CA.utf8','Bad Debts','GENERAL & ADMINISTRATIVE EXPEN','');
INSERT INTO `chartmaster` (`accountcode`, `language`, `accountname`, `group_`, `groupcode`) VALUES ('5660','en_CA.utf8','Amortization Expense','GENERAL & ADMINISTRATIVE EXPEN','');
INSERT INTO `chartmaster` (`accountcode`, `language`, `accountname`, `group_`, `groupcode`) VALUES ('5680','en_CA.utf8','Income Taxes','GENERAL & ADMINISTRATIVE EXPEN','');
INSERT INTO `chartmaster` (`accountcode`, `language`, `accountname`, `group_`, `groupcode`) VALUES ('5685','en_CA.utf8','Insurance','GENERAL & ADMINISTRATIVE EXPEN','');
INSERT INTO `chartmaster` (`accountcode`, `language`, `accountname`, `group_`, `groupcode`) VALUES ('5690','en_CA.utf8','Interest & Bank Charges','GENERAL & ADMINISTRATIVE EXPEN','');
INSERT INTO `chartmaster` (`accountcode`, `language`, `accountname`, `group_`, `groupcode`) VALUES ('5700','en_CA.utf8','Office Supplies','GENERAL & ADMINISTRATIVE EXPEN','');
INSERT INTO `chartmaster` (`accountcode`, `language`, `accountname`, `group_`, `groupcode`) VALUES ('5760','en_CA.utf8','Rent','GENERAL & ADMINISTRATIVE EXPEN','');
INSERT INTO `chartmaster` (`accountcode`, `language`, `accountname`, `group_`, `groupcode`) VALUES ('5765','en_CA.utf8','Repair & Maintenance','GENERAL & ADMINISTRATIVE EXPEN','');
INSERT INTO `chartmaster` (`accountcode`, `language`, `accountname`, `group_`, `groupcode`) VALUES ('5780','en_CA.utf8','Telephone','GENERAL & ADMINISTRATIVE EXPEN','');
INSERT INTO `chartmaster` (`accountcode`, `language`, `accountname`, `group_`, `groupcode`) VALUES ('5785','en_CA.utf8','Travel & Entertainment','GENERAL & ADMINISTRATIVE EXPEN','');
INSERT INTO `chartmaster` (`accountcode`, `language`, `accountname`, `group_`, `groupcode`) VALUES ('5790','en_CA.utf8','Utilities','GENERAL & ADMINISTRATIVE EXPEN','');
INSERT INTO `chartmaster` (`accountcode`, `language`, `accountname`, `group_`, `groupcode`) VALUES ('5800','en_CA.utf8','Licenses','GENERAL & ADMINISTRATIVE EXPEN','');
INSERT INTO `chartmaster` (`accountcode`, `language`, `accountname`, `group_`, `groupcode`) VALUES ('1060','fr_CA.utf8','Compte ch','ACTIF COURANT','');
INSERT INTO `chartmaster` (`accountcode`, `language`, `accountname`, `group_`, `groupcode`) VALUES ('1065','fr_CA.utf8','Petite caisse','ACTIF COURANT','');
INSERT INTO `chartmaster` (`accountcode`, `language`, `accountname`, `group_`, `groupcode`) VALUES ('1200','fr_CA.utf8','Comptes clients','ACTIF COURANT','');
INSERT INTO `chartmaster` (`accountcode`, `language`, `accountname`, `group_`, `groupcode`) VALUES ('1205','fr_CA.utf8','Provisions pour cr','ACTIF COURANT','');
INSERT INTO `chartmaster` (`accountcode`, `language`, `accountname`, `group_`, `groupcode`) VALUES ('1520','fr_CA.utf8','Stocks / G','STOCKS','');
INSERT INTO `chartmaster` (`accountcode`, `language`, `accountname`, `group_`, `groupcode`) VALUES ('1530','fr_CA.utf8','Stocks / Pi','STOCKS','');
INSERT INTO `chartmaster` (`accountcode`, `language`, `accountname`, `group_`, `groupcode`) VALUES ('1540','fr_CA.utf8','Stocks / Mati','STOCKS','');
INSERT INTO `chartmaster` (`accountcode`, `language`, `accountname`, `group_`, `groupcode`) VALUES ('1820','fr_CA.utf8','Meubles et accessoires','AUTRES IMMOBILISATIONS','');
INSERT INTO `chartmaster` (`accountcode`, `language`, `accountname`, `group_`, `groupcode`) VALUES ('1825','fr_CA.utf8','Amortissement cumul','AUTRES IMMOBILISATIONS','');
INSERT INTO `chartmaster` (`accountcode`, `language`, `accountname`, `group_`, `groupcode`) VALUES ('1840','fr_CA.utf8','V','AUTRES IMMOBILISATIONS','');
INSERT INTO `chartmaster` (`accountcode`, `language`, `accountname`, `group_`, `groupcode`) VALUES ('1845','fr_CA.utf8','Amortissement cumul','AUTRES IMMOBILISATIONS','');
INSERT INTO `chartmaster` (`accountcode`, `language`, `accountname`, `group_`, `groupcode`) VALUES ('2100','fr_CA.utf8','Comptes fournisseurs','PASSIF COURANT','');
INSERT INTO `chartmaster` (`accountcode`, `language`, `accountname`, `group_`, `groupcode`) VALUES ('2160','fr_CA.utf8','Taxes f','PASSIF COURANT','');
INSERT INTO `chartmaster` (`accountcode`, `language`, `accountname`, `group_`, `groupcode`) VALUES ('2170','fr_CA.utf8','Taxes provinciales','PASSIF COURANT','');
INSERT INTO `chartmaster` (`accountcode`, `language`, `accountname`, `group_`, `groupcode`) VALUES ('2310','fr_CA.utf8','TPS','PASSIF COURANT','');
INSERT INTO `chartmaster` (`accountcode`, `language`, `accountname`, `group_`, `groupcode`) VALUES ('2320','fr_CA.utf8','TVQ','PASSIF COURANT','');
INSERT INTO `chartmaster` (`accountcode`, `language`, `accountname`, `group_`, `groupcode`) VALUES ('2380','fr_CA.utf8','Indemnit','PASSIF COURANT','');
INSERT INTO `chartmaster` (`accountcode`, `language`, `accountname`, `group_`, `groupcode`) VALUES ('2390','fr_CA.utf8','CSST','PASSIF COURANT','');
INSERT INTO `chartmaster` (`accountcode`, `language`, `accountname`, `group_`, `groupcode`) VALUES ('2410','fr_CA.utf8','Assurance-emploi','RETENUES SUR SALAIRE','');
INSERT INTO `chartmaster` (`accountcode`, `language`, `accountname`, `group_`, `groupcode`) VALUES ('2420','fr_CA.utf8','RRQ','RETENUES SUR SALAIRE','');
INSERT INTO `chartmaster` (`accountcode`, `language`, `accountname`, `group_`, `groupcode`) VALUES ('2450','fr_CA.utf8','Imp','RETENUES SUR SALAIRE','');
INSERT INTO `chartmaster` (`accountcode`, `language`, `accountname`, `group_`, `groupcode`) VALUES ('2620','fr_CA.utf8','Emprunts bancaires','PASSIF','');
INSERT INTO `chartmaster` (`accountcode`, `language`, `accountname`, `group_`, `groupcode`) VALUES ('2680','fr_CA.utf8','Emprunt aupr','PASSIF','');
INSERT INTO `chartmaster` (`accountcode`, `language`, `accountname`, `group_`, `groupcode`) VALUES ('3350','fr_CA.utf8','Actions ordinaires','CAPITAL SOCIAL','');
INSERT INTO `chartmaster` (`accountcode`, `language`, `accountname`, `group_`, `groupcode`) VALUES ('4020','fr_CA.utf8','Ventes g','REVENUS DE VENTE','');
INSERT INTO `chartmaster` (`accountcode`, `language`, `accountname`, `group_`, `groupcode`) VALUES ('4030','fr_CA.utf8','Pi','REVENUS DE VENTE','');
INSERT INTO `chartmaster` (`accountcode`, `language`, `accountname`, `group_`, `groupcode`) VALUES ('4430','fr_CA.utf8','Transport et manutention','AUTRES REVENUS','');
INSERT INTO `chartmaster` (`accountcode`, `language`, `accountname`, `group_`, `groupcode`) VALUES ('4440','fr_CA.utf8','Int','AUTRES REVENUS','');
INSERT INTO `chartmaster` (`accountcode`, `language`, `accountname`, `group_`, `groupcode`) VALUES ('4450','fr_CA.utf8','Gain sur change','AUTRES REVENUS','');
INSERT INTO `chartmaster` (`accountcode`, `language`, `accountname`, `group_`, `groupcode`) VALUES ('5010','fr_CA.utf8','Achats','CO','');
INSERT INTO `chartmaster` (`accountcode`, `language`, `accountname`, `group_`, `groupcode`) VALUES ('5050','fr_CA.utf8','Pi','CO','');
INSERT INTO `chartmaster` (`accountcode`, `language`, `accountname`, `group_`, `groupcode`) VALUES ('5100','fr_CA.utf8','Frais de transport','CO','');
INSERT INTO `chartmaster` (`accountcode`, `language`, `accountname`, `group_`, `groupcode`) VALUES ('5410','fr_CA.utf8','Salaires','FRAIS DE PERSONNEL','');
INSERT INTO `chartmaster` (`accountcode`, `language`, `accountname`, `group_`, `groupcode`) VALUES ('5420','fr_CA.utf8','D','FRAIS DE PERSONNEL','');
INSERT INTO `chartmaster` (`accountcode`, `language`, `accountname`, `group_`, `groupcode`) VALUES ('5430','fr_CA.utf8','D','FRAIS DE PERSONNEL','');
INSERT INTO `chartmaster` (`accountcode`, `language`, `accountname`, `group_`, `groupcode`) VALUES ('5440','fr_CA.utf8','D','FRAIS DE PERSONNEL','');
INSERT INTO `chartmaster` (`accountcode`, `language`, `accountname`, `group_`, `groupcode`) VALUES ('5610','fr_CA.utf8','Frais comptables et juridiques','D','');
INSERT INTO `chartmaster` (`accountcode`, `language`, `accountname`, `group_`, `groupcode`) VALUES ('5615','fr_CA.utf8','Publicit','D','');
INSERT INTO `chartmaster` (`accountcode`, `language`, `accountname`, `group_`, `groupcode`) VALUES ('5620','fr_CA.utf8','Cr','D','');
INSERT INTO `chartmaster` (`accountcode`, `language`, `accountname`, `group_`, `groupcode`) VALUES ('5680','fr_CA.utf8','Imp','D','');
INSERT INTO `chartmaster` (`accountcode`, `language`, `accountname`, `group_`, `groupcode`) VALUES ('5685','fr_CA.utf8','Assurances','D','');
INSERT INTO `chartmaster` (`accountcode`, `language`, `accountname`, `group_`, `groupcode`) VALUES ('5690','fr_CA.utf8','Int','D','');
INSERT INTO `chartmaster` (`accountcode`, `language`, `accountname`, `group_`, `groupcode`) VALUES ('5700','fr_CA.utf8','Fournitures de bureau','D','');
INSERT INTO `chartmaster` (`accountcode`, `language`, `accountname`, `group_`, `groupcode`) VALUES ('5760','fr_CA.utf8','Loyer','D','');
INSERT INTO `chartmaster` (`accountcode`, `language`, `accountname`, `group_`, `groupcode`) VALUES ('5765','fr_CA.utf8','R','D','');
INSERT INTO `chartmaster` (`accountcode`, `language`, `accountname`, `group_`, `groupcode`) VALUES ('5780','fr_CA.utf8','T','D','');
INSERT INTO `chartmaster` (`accountcode`, `language`, `accountname`, `group_`, `groupcode`) VALUES ('5785','fr_CA.utf8','Voyages et loisirs','D','');
INSERT INTO `chartmaster` (`accountcode`, `language`, `accountname`, `group_`, `groupcode`) VALUES ('5790','fr_CA.utf8','Services publics','D','');
INSERT INTO `chartmaster` (`accountcode`, `language`, `accountname`, `group_`, `groupcode`) VALUES ('5810','fr_CA.utf8','Perte sur change','D','');-- MySQL dump 10.16  Distrib 10.1.12-MariaDB, for debian-linux-gnu (x86_64)
