INSERT INTO `accountsection` (`sectionid`, `language`, `sectionname`) VALUES (10,'sv_SE.utf8','Tillg');
INSERT INTO `accountsection` (`sectionid`, `language`, `sectionname`) VALUES (20,'sv_SE.utf8','Skulder');
INSERT INTO `accountsection` (`sectionid`, `language`, `sectionname`) VALUES (30,'sv_SE.utf8','Inkomst');
INSERT INTO `accountsection` (`sectionid`, `language`, `sectionname`) VALUES (40,'sv_SE.utf8','Kostnad');

INSERT INTO `accountgroups` (`groupname`, `groupcode`, `language`, `sectioninaccounts`, `pandl`, `sequenceintb`, `parentgroupname`, `parentgroupcode`) VALUES ('Avs','10','sv_SE.utf8',20,0,18000,'','');
INSERT INTO `accountgroups` (`groupname`, `groupcode`, `language`, `sectioninaccounts`, `pandl`, `sequenceintb`, `parentgroupname`, `parentgroupcode`) VALUES ('Kundfordringar','100','sv_SE.utf8',10,0,6000,'','');
INSERT INTO `accountgroups` (`groupname`, `groupcode`, `language`, `sectioninaccounts`, `pandl`, `sequenceintb`, `parentgroupname`, `parentgroupcode`) VALUES ('L','110','sv_SE.utf8',20,0,19000,'','');
INSERT INTO `accountgroups` (`groupname`, `groupcode`, `language`, `sectioninaccounts`, `pandl`, `sequenceintb`, `parentgroupname`, `parentgroupcode`) VALUES ('Lager och p','120','sv_SE.utf8',10,0,5000,'','');
INSERT INTO `accountgroups` (`groupname`, `groupcode`, `language`, `sectioninaccounts`, `pandl`, `sequenceintb`, `parentgroupname`, `parentgroupcode`) VALUES ('Maskiner och inventarier','130','sv_SE.utf8',10,0,3000,'','');
INSERT INTO `accountgroups` (`groupname`, `groupcode`, `language`, `sectioninaccounts`, `pandl`, `sequenceintb`, `parentgroupname`, `parentgroupcode`) VALUES ('Moms och s','140','sv_SE.utf8',20,0,22000,'','');
INSERT INTO `accountgroups` (`groupname`, `groupcode`, `language`, `sectioninaccounts`, `pandl`, `sequenceintb`, `parentgroupname`, `parentgroupcode`) VALUES ('Obeskattade reserver','150','sv_SE.utf8',20,0,12000,'','');
INSERT INTO `accountgroups` (`groupname`, `groupcode`, `language`, `sectioninaccounts`, `pandl`, `sequenceintb`, `parentgroupname`, `parentgroupcode`) VALUES ('Periodiseringsfond vid 1995','160','sv_SE.utf8',20,0,13000,'','');
INSERT INTO `accountgroups` (`groupname`, `groupcode`, `language`, `sectioninaccounts`, `pandl`, `sequenceintb`, `parentgroupname`, `parentgroupcode`) VALUES ('Periodiseringsfond vid 1996','170','sv_SE.utf8',20,0,14000,'','');
INSERT INTO `accountgroups` (`groupname`, `groupcode`, `language`, `sectioninaccounts`, `pandl`, `sequenceintb`, `parentgroupname`, `parentgroupcode`) VALUES ('Periodiseringsfond vid 1997','180','sv_SE.utf8',20,0,15000,'','');
INSERT INTO `accountgroups` (`groupname`, `groupcode`, `language`, `sectioninaccounts`, `pandl`, `sequenceintb`, `parentgroupname`, `parentgroupcode`) VALUES ('Periodiseringsfond vid 1998','190','sv_SE.utf8',20,0,16000,'','');
INSERT INTO `accountgroups` (`groupname`, `groupcode`, `language`, `sectioninaccounts`, `pandl`, `sequenceintb`, `parentgroupname`, `parentgroupcode`) VALUES ('Byggnader och mark','20','sv_SE.utf8',10,0,2000,'','');
INSERT INTO `accountgroups` (`groupname`, `groupcode`, `language`, `sectioninaccounts`, `pandl`, `sequenceintb`, `parentgroupname`, `parentgroupcode`) VALUES ('Periodiseringsfond vid 1999','200','sv_SE.utf8',20,0,17000,'','');
INSERT INTO `accountgroups` (`groupname`, `groupcode`, `language`, `sectioninaccounts`, `pandl`, `sequenceintb`, `parentgroupname`, `parentgroupcode`) VALUES ('Personalens skatter, avgifter','210','sv_SE.utf8',20,0,23000,'','');
INSERT INTO `accountgroups` (`groupname`, `groupcode`, `language`, `sectioninaccounts`, `pandl`, `sequenceintb`, `parentgroupname`, `parentgroupcode`) VALUES ('Skatteskulder','220','sv_SE.utf8',20,0,21000,'','');
INSERT INTO `accountgroups` (`groupname`, `groupcode`, `language`, `sectioninaccounts`, `pandl`, `sequenceintb`, `parentgroupname`, `parentgroupcode`) VALUES ('Eget kapital','30','sv_SE.utf8',10,0,11000,'','');
INSERT INTO `accountgroups` (`groupname`, `groupcode`, `language`, `sectioninaccounts`, `pandl`, `sequenceintb`, `parentgroupname`, `parentgroupcode`) VALUES ('F','40','sv_SE.utf8',10,0,8000,'','');
INSERT INTO `accountgroups` (`groupname`, `groupcode`, `language`, `sectioninaccounts`, `pandl`, `sequenceintb`, `parentgroupname`, `parentgroupcode`) VALUES ('Finansiella anl','50','sv_SE.utf8',10,0,4000,'','');
INSERT INTO `accountgroups` (`groupname`, `groupcode`, `language`, `sectioninaccounts`, `pandl`, `sequenceintb`, `parentgroupname`, `parentgroupcode`) VALUES ('Immateriella anl','60','sv_SE.utf8',20,0,1000,'','');
INSERT INTO `accountgroups` (`groupname`, `groupcode`, `language`, `sectioninaccounts`, `pandl`, `sequenceintb`, `parentgroupname`, `parentgroupcode`) VALUES ('Kassa och Bank','70','sv_SE.utf8',10,0,10000,'','');
INSERT INTO `accountgroups` (`groupname`, `groupcode`, `language`, `sectioninaccounts`, `pandl`, `sequenceintb`, `parentgroupname`, `parentgroupcode`) VALUES ('Kortfristiga placeringar','80','sv_SE.utf8',10,0,9000,'','');
INSERT INTO `accountgroups` (`groupname`, `groupcode`, `language`, `sectioninaccounts`, `pandl`, `sequenceintb`, `parentgroupname`, `parentgroupcode`) VALUES ('Kortfristiga skulder till kred','90','sv_SE.utf8',20,0,20000,'','');

INSERT INTO `chartmaster` (`accountcode`, `language`, `accountname`, `group_`, `groupcode`) VALUES ('1010','sv_SE.utf8','Balanserade utgifter','Immateriella anl','');
INSERT INTO `chartmaster` (`accountcode`, `language`, `accountname`, `group_`, `groupcode`) VALUES ('1011','sv_SE.utf8','Balanserade utgifter f','Immateriella anl','');
INSERT INTO `chartmaster` (`accountcode`, `language`, `accountname`, `group_`, `groupcode`) VALUES ('1012','sv_SE.utf8','Balanserade utgifter f','Immateriella anl','');
INSERT INTO `chartmaster` (`accountcode`, `language`, `accountname`, `group_`, `groupcode`) VALUES ('1019','sv_SE.utf8','Ackumulerade avskrivningar p','Immateriella anl','');
INSERT INTO `chartmaster` (`accountcode`, `language`, `accountname`, `group_`, `groupcode`) VALUES ('1020','sv_SE.utf8','Koncessioner m m','Immateriella anl','');
INSERT INTO `chartmaster` (`accountcode`, `language`, `accountname`, `group_`, `groupcode`) VALUES ('1029','sv_SE.utf8','Ackumulerade avskrivningar p','Immateriella anl','');
INSERT INTO `chartmaster` (`accountcode`, `language`, `accountname`, `group_`, `groupcode`) VALUES ('1030','sv_SE.utf8','Patent','Immateriella anl','');
INSERT INTO `chartmaster` (`accountcode`, `language`, `accountname`, `group_`, `groupcode`) VALUES ('1039','sv_SE.utf8','Ackumulerade avskrivningar p','Immateriella anl','');
INSERT INTO `chartmaster` (`accountcode`, `language`, `accountname`, `group_`, `groupcode`) VALUES ('1040','sv_SE.utf8','Licenser','Immateriella anl','');
INSERT INTO `chartmaster` (`accountcode`, `language`, `accountname`, `group_`, `groupcode`) VALUES ('1049','sv_SE.utf8','Ackumulerade avskrivningar p','Immateriella anl','');
INSERT INTO `chartmaster` (`accountcode`, `language`, `accountname`, `group_`, `groupcode`) VALUES ('1050','sv_SE.utf8','Varum','Immateriella anl','');
INSERT INTO `chartmaster` (`accountcode`, `language`, `accountname`, `group_`, `groupcode`) VALUES ('1059','sv_SE.utf8','Ackumulerade avskrivningar p','Immateriella anl','');
INSERT INTO `chartmaster` (`accountcode`, `language`, `accountname`, `group_`, `groupcode`) VALUES ('1060','sv_SE.utf8','Hyresr','Immateriella anl','');
INSERT INTO `chartmaster` (`accountcode`, `language`, `accountname`, `group_`, `groupcode`) VALUES ('1069','sv_SE.utf8','Ackumulerade avskrivningar p','Immateriella anl','');
INSERT INTO `chartmaster` (`accountcode`, `language`, `accountname`, `group_`, `groupcode`) VALUES ('1070','sv_SE.utf8','Goodwill','Immateriella anl','');
INSERT INTO `chartmaster` (`accountcode`, `language`, `accountname`, `group_`, `groupcode`) VALUES ('1079','sv_SE.utf8','Ackumulerade avskrivningar p','Immateriella anl','');
INSERT INTO `chartmaster` (`accountcode`, `language`, `accountname`, `group_`, `groupcode`) VALUES ('1080','sv_SE.utf8','P','Immateriella anl','');
INSERT INTO `chartmaster` (`accountcode`, `language`, `accountname`, `group_`, `groupcode`) VALUES ('1081','sv_SE.utf8','P','Immateriella anl','');
INSERT INTO `chartmaster` (`accountcode`, `language`, `accountname`, `group_`, `groupcode`) VALUES ('1088','sv_SE.utf8','F','Immateriella anl','');
INSERT INTO `chartmaster` (`accountcode`, `language`, `accountname`, `group_`, `groupcode`) VALUES ('1090','sv_SE.utf8','','Immateriella anl','');
INSERT INTO `chartmaster` (`accountcode`, `language`, `accountname`, `group_`, `groupcode`) VALUES ('1099','sv_SE.utf8','Ackumulerade avskrivningar p','Immateriella anl','');
INSERT INTO `chartmaster` (`accountcode`, `language`, `accountname`, `group_`, `groupcode`) VALUES ('1110','sv_SE.utf8','Byggnader','Byggnader och mark','');
INSERT INTO `chartmaster` (`accountcode`, `language`, `accountname`, `group_`, `groupcode`) VALUES ('1111','sv_SE.utf8','Byggnader p','Byggnader och mark','');
INSERT INTO `chartmaster` (`accountcode`, `language`, `accountname`, `group_`, `groupcode`) VALUES ('1112','sv_SE.utf8','Byggnader p','Byggnader och mark','');
INSERT INTO `chartmaster` (`accountcode`, `language`, `accountname`, `group_`, `groupcode`) VALUES ('1119','sv_SE.utf8','Ackumulerade avskrivningar p','Byggnader och mark','');
INSERT INTO `chartmaster` (`accountcode`, `language`, `accountname`, `group_`, `groupcode`) VALUES ('1130','sv_SE.utf8','Mark','Byggnader och mark','');
INSERT INTO `chartmaster` (`accountcode`, `language`, `accountname`, `group_`, `groupcode`) VALUES ('1140','sv_SE.utf8','Tomter och obebyggda markomr','Byggnader och mark','');
INSERT INTO `chartmaster` (`accountcode`, `language`, `accountname`, `group_`, `groupcode`) VALUES ('1150','sv_SE.utf8','Markanl','Byggnader och mark','');
INSERT INTO `chartmaster` (`accountcode`, `language`, `accountname`, `group_`, `groupcode`) VALUES ('1159','sv_SE.utf8','Ackumulerade avskrivningar p','Byggnader och mark','');
INSERT INTO `chartmaster` (`accountcode`, `language`, `accountname`, `group_`, `groupcode`) VALUES ('1180','sv_SE.utf8','P','Byggnader och mark','');
INSERT INTO `chartmaster` (`accountcode`, `language`, `accountname`, `group_`, `groupcode`) VALUES ('1181','sv_SE.utf8','P','Byggnader och mark','');
INSERT INTO `chartmaster` (`accountcode`, `language`, `accountname`, `group_`, `groupcode`) VALUES ('1182','sv_SE.utf8','P','Byggnader och mark','');
INSERT INTO `chartmaster` (`accountcode`, `language`, `accountname`, `group_`, `groupcode`) VALUES ('1183','sv_SE.utf8','P','Byggnader och mark','');
INSERT INTO `chartmaster` (`accountcode`, `language`, `accountname`, `group_`, `groupcode`) VALUES ('1188','sv_SE.utf8','F','Byggnader och mark','');
INSERT INTO `chartmaster` (`accountcode`, `language`, `accountname`, `group_`, `groupcode`) VALUES ('1190','sv_SE.utf8','','Byggnader och mark','');
INSERT INTO `chartmaster` (`accountcode`, `language`, `accountname`, `group_`, `groupcode`) VALUES ('1199','sv_SE.utf8','Ackumulerade avskrivningar p','Byggnader och mark','');
INSERT INTO `chartmaster` (`accountcode`, `language`, `accountname`, `group_`, `groupcode`) VALUES ('1200','sv_SE.utf8','Maskiner och inventarier (gruppkonto)','Maskiner och inventarier','');
INSERT INTO `chartmaster` (`accountcode`, `language`, `accountname`, `group_`, `groupcode`) VALUES ('1209','sv_SE.utf8','Ackumulerade avskrivningar p','Maskiner och inventarier','');
INSERT INTO `chartmaster` (`accountcode`, `language`, `accountname`, `group_`, `groupcode`) VALUES ('1210','sv_SE.utf8','Maskiner och andra tekniska anl','Maskiner och inventarier','');
INSERT INTO `chartmaster` (`accountcode`, `language`, `accountname`, `group_`, `groupcode`) VALUES ('1211','sv_SE.utf8','Maskiner','Maskiner och inventarier','');
INSERT INTO `chartmaster` (`accountcode`, `language`, `accountname`, `group_`, `groupcode`) VALUES ('1212','sv_SE.utf8','Byggnadsinventarier','Maskiner och inventarier','');
INSERT INTO `chartmaster` (`accountcode`, `language`, `accountname`, `group_`, `groupcode`) VALUES ('1213','sv_SE.utf8','Andra tekniska anl','Maskiner och inventarier','');
INSERT INTO `chartmaster` (`accountcode`, `language`, `accountname`, `group_`, `groupcode`) VALUES ('1219','sv_SE.utf8','Ackumulerade avskrivningar p','Maskiner och inventarier','');
INSERT INTO `chartmaster` (`accountcode`, `language`, `accountname`, `group_`, `groupcode`) VALUES ('1220','sv_SE.utf8','Inventarier och verktyg','Maskiner och inventarier','');
INSERT INTO `chartmaster` (`accountcode`, `language`, `accountname`, `group_`, `groupcode`) VALUES ('1229','sv_SE.utf8','Ackumulerade avskrivningar p','Maskiner och inventarier','');
INSERT INTO `chartmaster` (`accountcode`, `language`, `accountname`, `group_`, `groupcode`) VALUES ('1230','sv_SE.utf8','Installationer','Maskiner och inventarier','');
INSERT INTO `chartmaster` (`accountcode`, `language`, `accountname`, `group_`, `groupcode`) VALUES ('1231','sv_SE.utf8','Installationer p','Maskiner och inventarier','');
INSERT INTO `chartmaster` (`accountcode`, `language`, `accountname`, `group_`, `groupcode`) VALUES ('1232','sv_SE.utf8','Installationer p','Maskiner och inventarier','');
INSERT INTO `chartmaster` (`accountcode`, `language`, `accountname`, `group_`, `groupcode`) VALUES ('1233','sv_SE.utf8','F','Maskiner och inventarier','');
INSERT INTO `chartmaster` (`accountcode`, `language`, `accountname`, `group_`, `groupcode`) VALUES ('1239','sv_SE.utf8','Ackumulerade avskrivningar p','Maskiner och inventarier','');
INSERT INTO `chartmaster` (`accountcode`, `language`, `accountname`, `group_`, `groupcode`) VALUES ('1240','sv_SE.utf8','Bilar och andra transportmedel','Maskiner och inventarier','');
INSERT INTO `chartmaster` (`accountcode`, `language`, `accountname`, `group_`, `groupcode`) VALUES ('1249','sv_SE.utf8','Ackumulerade avskrivningar p','Maskiner och inventarier','');
INSERT INTO `chartmaster` (`accountcode`, `language`, `accountname`, `group_`, `groupcode`) VALUES ('1250','sv_SE.utf8','Datorer','Maskiner och inventarier','');
INSERT INTO `chartmaster` (`accountcode`, `language`, `accountname`, `group_`, `groupcode`) VALUES ('1251','sv_SE.utf8','Datorer - f','Maskiner och inventarier','');
INSERT INTO `chartmaster` (`accountcode`, `language`, `accountname`, `group_`, `groupcode`) VALUES ('1257','sv_SE.utf8','Datorer - personal','Maskiner och inventarier','');
INSERT INTO `chartmaster` (`accountcode`, `language`, `accountname`, `group_`, `groupcode`) VALUES ('1259','sv_SE.utf8','Ackumulerade avskrivningar p','Maskiner och inventarier','');
INSERT INTO `chartmaster` (`accountcode`, `language`, `accountname`, `group_`, `groupcode`) VALUES ('1260','sv_SE.utf8','Leasingavtal','Maskiner och inventarier','');
INSERT INTO `chartmaster` (`accountcode`, `language`, `accountname`, `group_`, `groupcode`) VALUES ('1269','sv_SE.utf8','Ackumulerade avskrivningar p','Maskiner och inventarier','');
INSERT INTO `chartmaster` (`accountcode`, `language`, `accountname`, `group_`, `groupcode`) VALUES ('1280','sv_SE.utf8','P','Maskiner och inventarier','');
INSERT INTO `chartmaster` (`accountcode`, `language`, `accountname`, `group_`, `groupcode`) VALUES ('1281','sv_SE.utf8','P','Maskiner och inventarier','');
INSERT INTO `chartmaster` (`accountcode`, `language`, `accountname`, `group_`, `groupcode`) VALUES ('1288','sv_SE.utf8','F','Maskiner och inventarier','');
INSERT INTO `chartmaster` (`accountcode`, `language`, `accountname`, `group_`, `groupcode`) VALUES ('1290','sv_SE.utf8','','Maskiner och inventarier','');
INSERT INTO `chartmaster` (`accountcode`, `language`, `accountname`, `group_`, `groupcode`) VALUES ('1291','sv_SE.utf8','Konst och liknande tillg','Maskiner och inventarier','');
INSERT INTO `chartmaster` (`accountcode`, `language`, `accountname`, `group_`, `groupcode`) VALUES ('1292','sv_SE.utf8','Inventarier i annans fastighet','Maskiner och inventarier','');
INSERT INTO `chartmaster` (`accountcode`, `language`, `accountname`, `group_`, `groupcode`) VALUES ('1299','sv_SE.utf8','Ackumulerade avskrivningar p','Maskiner och inventarier','');
INSERT INTO `chartmaster` (`accountcode`, `language`, `accountname`, `group_`, `groupcode`) VALUES ('1310','sv_SE.utf8','Aktier och andelar i koncernf','Finansiella anl','');
INSERT INTO `chartmaster` (`accountcode`, `language`, `accountname`, `group_`, `groupcode`) VALUES ('1311','sv_SE.utf8','Aktier och andelar i svenska dotterf','Finansiella anl','');
INSERT INTO `chartmaster` (`accountcode`, `language`, `accountname`, `group_`, `groupcode`) VALUES ('1312','sv_SE.utf8','Aktier och andelar i utl','Finansiella anl','');
INSERT INTO `chartmaster` (`accountcode`, `language`, `accountname`, `group_`, `groupcode`) VALUES ('1313','sv_SE.utf8','Aktier och andelar i andra svenska koncernf','Finansiella anl','');
INSERT INTO `chartmaster` (`accountcode`, `language`, `accountname`, `group_`, `groupcode`) VALUES ('1314','sv_SE.utf8','Aktier och andelar i andra utl','Finansiella anl','');
INSERT INTO `chartmaster` (`accountcode`, `language`, `accountname`, `group_`, `groupcode`) VALUES ('1319','sv_SE.utf8','V','Finansiella anl','');
INSERT INTO `chartmaster` (`accountcode`, `language`, `accountname`, `group_`, `groupcode`) VALUES ('1320','sv_SE.utf8','L','Finansiella anl','');
INSERT INTO `chartmaster` (`accountcode`, `language`, `accountname`, `group_`, `groupcode`) VALUES ('1321','sv_SE.utf8','Fordringar hos moderf','Finansiella anl','');
INSERT INTO `chartmaster` (`accountcode`, `language`, `accountname`, `group_`, `groupcode`) VALUES ('1322','sv_SE.utf8','Fordringar hos dotterf','Finansiella anl','');
INSERT INTO `chartmaster` (`accountcode`, `language`, `accountname`, `group_`, `groupcode`) VALUES ('1323','sv_SE.utf8','Fordringar hos andra koncernf','Finansiella anl','');
INSERT INTO `chartmaster` (`accountcode`, `language`, `accountname`, `group_`, `groupcode`) VALUES ('1329','sv_SE.utf8','V','Finansiella anl','');
INSERT INTO `chartmaster` (`accountcode`, `language`, `accountname`, `group_`, `groupcode`) VALUES ('1330','sv_SE.utf8','Aktier och andelar i intressef','Finansiella anl','');
INSERT INTO `chartmaster` (`accountcode`, `language`, `accountname`, `group_`, `groupcode`) VALUES ('1339','sv_SE.utf8','V','Finansiella anl','');
INSERT INTO `chartmaster` (`accountcode`, `language`, `accountname`, `group_`, `groupcode`) VALUES ('1340','sv_SE.utf8','L','Finansiella anl','');
INSERT INTO `chartmaster` (`accountcode`, `language`, `accountname`, `group_`, `groupcode`) VALUES ('1349','sv_SE.utf8','V','Finansiella anl','');
INSERT INTO `chartmaster` (`accountcode`, `language`, `accountname`, `group_`, `groupcode`) VALUES ('1350','sv_SE.utf8','Aktier, andelar och v','Finansiella anl','');
INSERT INTO `chartmaster` (`accountcode`, `language`, `accountname`, `group_`, `groupcode`) VALUES ('1351','sv_SE.utf8','Aktier i b','Finansiella anl','');
INSERT INTO `chartmaster` (`accountcode`, `language`, `accountname`, `group_`, `groupcode`) VALUES ('1352','sv_SE.utf8','Andra aktier och andelar','Finansiella anl','');
INSERT INTO `chartmaster` (`accountcode`, `language`, `accountname`, `group_`, `groupcode`) VALUES ('1353','sv_SE.utf8','Andelar i bostadsr','Finansiella anl','');
INSERT INTO `chartmaster` (`accountcode`, `language`, `accountname`, `group_`, `groupcode`) VALUES ('1354','sv_SE.utf8','Obligationer','Finansiella anl','');
INSERT INTO `chartmaster` (`accountcode`, `language`, `accountname`, `group_`, `groupcode`) VALUES ('1359','sv_SE.utf8','V','Finansiella anl','');
INSERT INTO `chartmaster` (`accountcode`, `language`, `accountname`, `group_`, `groupcode`) VALUES ('1380','sv_SE.utf8','Andra l','Finansiella anl','');
INSERT INTO `chartmaster` (`accountcode`, `language`, `accountname`, `group_`, `groupcode`) VALUES ('1381','sv_SE.utf8','Reversfordringar','Finansiella anl','');
INSERT INTO `chartmaster` (`accountcode`, `language`, `accountname`, `group_`, `groupcode`) VALUES ('1382','sv_SE.utf8','Fordringar hos anst','Finansiella anl','');
INSERT INTO `chartmaster` (`accountcode`, `language`, `accountname`, `group_`, `groupcode`) VALUES ('1383','sv_SE.utf8','L','Finansiella anl','');
INSERT INTO `chartmaster` (`accountcode`, `language`, `accountname`, `group_`, `groupcode`) VALUES ('1384','sv_SE.utf8','L','Finansiella anl','');
INSERT INTO `chartmaster` (`accountcode`, `language`, `accountname`, `group_`, `groupcode`) VALUES ('1385','sv_SE.utf8','V','Finansiella anl','');
INSERT INTO `chartmaster` (`accountcode`, `language`, `accountname`, `group_`, `groupcode`) VALUES ('1386','sv_SE.utf8','F','Finansiella anl','');
INSERT INTO `chartmaster` (`accountcode`, `language`, `accountname`, `group_`, `groupcode`) VALUES ('1387','sv_SE.utf8','L','Finansiella anl','');
INSERT INTO `chartmaster` (`accountcode`, `language`, `accountname`, `group_`, `groupcode`) VALUES ('1388','sv_SE.utf8','Olika l','Finansiella anl','');
INSERT INTO `chartmaster` (`accountcode`, `language`, `accountname`, `group_`, `groupcode`) VALUES ('1389','sv_SE.utf8','V','Finansiella anl','');
INSERT INTO `chartmaster` (`accountcode`, `language`, `accountname`, `group_`, `groupcode`) VALUES ('1390','sv_SE.utf8','V','Finansiella anl','');
INSERT INTO `chartmaster` (`accountcode`, `language`, `accountname`, `group_`, `groupcode`) VALUES ('1400','sv_SE.utf8','Lager (gruppkonto)','Lager och p','');
INSERT INTO `chartmaster` (`accountcode`, `language`, `accountname`, `group_`, `groupcode`) VALUES ('1401','sv_SE.utf8','Inneliggande lager','Lager och p','');
INSERT INTO `chartmaster` (`accountcode`, `language`, `accountname`, `group_`, `groupcode`) VALUES ('1402','sv_SE.utf8','Varor p','Lager och p','');
INSERT INTO `chartmaster` (`accountcode`, `language`, `accountname`, `group_`, `groupcode`) VALUES ('1403','sv_SE.utf8','Konsignationslager','Lager och p','');
INSERT INTO `chartmaster` (`accountcode`, `language`, `accountname`, `group_`, `groupcode`) VALUES ('1404','sv_SE.utf8','Lager av v','Lager och p','');
INSERT INTO `chartmaster` (`accountcode`, `language`, `accountname`, `group_`, `groupcode`) VALUES ('1409','sv_SE.utf8','F','Lager och p','');
INSERT INTO `chartmaster` (`accountcode`, `language`, `accountname`, `group_`, `groupcode`) VALUES ('1410','sv_SE.utf8','Lager av r','Lager och p','');
INSERT INTO `chartmaster` (`accountcode`, `language`, `accountname`, `group_`, `groupcode`) VALUES ('1419','sv_SE.utf8','F','Lager och p','');
INSERT INTO `chartmaster` (`accountcode`, `language`, `accountname`, `group_`, `groupcode`) VALUES ('1420','sv_SE.utf8','Lager av tillsatsmaterial och f','Lager och p','');
INSERT INTO `chartmaster` (`accountcode`, `language`, `accountname`, `group_`, `groupcode`) VALUES ('1429','sv_SE.utf8','F','Lager och p','');
INSERT INTO `chartmaster` (`accountcode`, `language`, `accountname`, `group_`, `groupcode`) VALUES ('1430','sv_SE.utf8','Lager av halvfabrikat','Lager och p','');
INSERT INTO `chartmaster` (`accountcode`, `language`, `accountname`, `group_`, `groupcode`) VALUES ('1431','sv_SE.utf8','Lager av k','Lager och p','');
INSERT INTO `chartmaster` (`accountcode`, `language`, `accountname`, `group_`, `groupcode`) VALUES ('1432','sv_SE.utf8','Lager av egentillverkde halvfabrikat','Lager och p','');
INSERT INTO `chartmaster` (`accountcode`, `language`, `accountname`, `group_`, `groupcode`) VALUES ('1439','sv_SE.utf8','F','Lager och p','');
INSERT INTO `chartmaster` (`accountcode`, `language`, `accountname`, `group_`, `groupcode`) VALUES ('1440','sv_SE.utf8','Produkter i arbete - (PIA)','Lager och p','');
INSERT INTO `chartmaster` (`accountcode`, `language`, `accountname`, `group_`, `groupcode`) VALUES ('1449','sv_SE.utf8','F','Lager och p','');
INSERT INTO `chartmaster` (`accountcode`, `language`, `accountname`, `group_`, `groupcode`) VALUES ('1450','sv_SE.utf8','Lager av f','Lager och p','');
INSERT INTO `chartmaster` (`accountcode`, `language`, `accountname`, `group_`, `groupcode`) VALUES ('1459','sv_SE.utf8','F','Lager och p','');
INSERT INTO `chartmaster` (`accountcode`, `language`, `accountname`, `group_`, `groupcode`) VALUES ('1460','sv_SE.utf8','Lager av handelsvaror - Varulager','Lager och p','');
INSERT INTO `chartmaster` (`accountcode`, `language`, `accountname`, `group_`, `groupcode`) VALUES ('1469','sv_SE.utf8','F','Lager och p','');
INSERT INTO `chartmaster` (`accountcode`, `language`, `accountname`, `group_`, `groupcode`) VALUES ('1470','sv_SE.utf8','P','Lager och p','');
INSERT INTO `chartmaster` (`accountcode`, `language`, `accountname`, `group_`, `groupcode`) VALUES ('1471','sv_SE.utf8','P','Lager och p','');
INSERT INTO `chartmaster` (`accountcode`, `language`, `accountname`, `group_`, `groupcode`) VALUES ('1472','sv_SE.utf8','Oms','Lager och p','');
INSERT INTO `chartmaster` (`accountcode`, `language`, `accountname`, `group_`, `groupcode`) VALUES ('1478','sv_SE.utf8','P','Lager och p','');
INSERT INTO `chartmaster` (`accountcode`, `language`, `accountname`, `group_`, `groupcode`) VALUES ('1479','sv_SE.utf8','F','Lager och p','');
INSERT INTO `chartmaster` (`accountcode`, `language`, `accountname`, `group_`, `groupcode`) VALUES ('1480','sv_SE.utf8','F','Lager och p','');
INSERT INTO `chartmaster` (`accountcode`, `language`, `accountname`, `group_`, `groupcode`) VALUES ('1481','sv_SE.utf8','Remburs','Lager och p','');
INSERT INTO `chartmaster` (`accountcode`, `language`, `accountname`, `group_`, `groupcode`) VALUES ('1489','sv_SE.utf8','','Lager och p','');
INSERT INTO `chartmaster` (`accountcode`, `language`, `accountname`, `group_`, `groupcode`) VALUES ('1490','sv_SE.utf8','F','Lager och p','');
INSERT INTO `chartmaster` (`accountcode`, `language`, `accountname`, `group_`, `groupcode`) VALUES ('1500','sv_SE.utf8','Kundfordringar (gruppkonto)','Kundfordringar','');
INSERT INTO `chartmaster` (`accountcode`, `language`, `accountname`, `group_`, `groupcode`) VALUES ('1510','sv_SE.utf8','Kundfordringar','Kundfordringar','');
INSERT INTO `chartmaster` (`accountcode`, `language`, `accountname`, `group_`, `groupcode`) VALUES ('1512','sv_SE.utf8','Bel','Kundfordringar','');
INSERT INTO `chartmaster` (`accountcode`, `language`, `accountname`, `group_`, `groupcode`) VALUES ('1515','sv_SE.utf8','Os','Kundfordringar','');
INSERT INTO `chartmaster` (`accountcode`, `language`, `accountname`, `group_`, `groupcode`) VALUES ('1516','sv_SE.utf8','Tvistiga kundfordringar','Kundfordringar','');
INSERT INTO `chartmaster` (`accountcode`, `language`, `accountname`, `group_`, `groupcode`) VALUES ('1518','sv_SE.utf8','Ej reskontraf','Kundfordringar','');
INSERT INTO `chartmaster` (`accountcode`, `language`, `accountname`, `group_`, `groupcode`) VALUES ('1519','sv_SE.utf8','V','Kundfordringar','');
INSERT INTO `chartmaster` (`accountcode`, `language`, `accountname`, `group_`, `groupcode`) VALUES ('1520','sv_SE.utf8','V','Kundfordringar','');
INSERT INTO `chartmaster` (`accountcode`, `language`, `accountname`, `group_`, `groupcode`) VALUES ('1525','sv_SE.utf8','Os','Kundfordringar','');
INSERT INTO `chartmaster` (`accountcode`, `language`, `accountname`, `group_`, `groupcode`) VALUES ('1529','sv_SE.utf8','V','Kundfordringar','');
INSERT INTO `chartmaster` (`accountcode`, `language`, `accountname`, `group_`, `groupcode`) VALUES ('1530','sv_SE.utf8','Kontraktsfordringar','Kundfordringar','');
INSERT INTO `chartmaster` (`accountcode`, `language`, `accountname`, `group_`, `groupcode`) VALUES ('1540','sv_SE.utf8','Bel','Kundfordringar','');
INSERT INTO `chartmaster` (`accountcode`, `language`, `accountname`, `group_`, `groupcode`) VALUES ('1541','sv_SE.utf8','Bel','Kundfordringar','');
INSERT INTO `chartmaster` (`accountcode`, `language`, `accountname`, `group_`, `groupcode`) VALUES ('1545','sv_SE.utf8','Os','Kundfordringar','');
INSERT INTO `chartmaster` (`accountcode`, `language`, `accountname`, `group_`, `groupcode`) VALUES ('1550','sv_SE.utf8','Konsignationsfordringar','Kundfordringar','');
INSERT INTO `chartmaster` (`accountcode`, `language`, `accountname`, `group_`, `groupcode`) VALUES ('1560','sv_SE.utf8','Kundfordringar hos koncernf','Kundfordringar','');
INSERT INTO `chartmaster` (`accountcode`, `language`, `accountname`, `group_`, `groupcode`) VALUES ('1561','sv_SE.utf8','Kundfordringar hos moderf','Kundfordringar','');
INSERT INTO `chartmaster` (`accountcode`, `language`, `accountname`, `group_`, `groupcode`) VALUES ('1562','sv_SE.utf8','Kundfordringar hos dotternf','Kundfordringar','');
INSERT INTO `chartmaster` (`accountcode`, `language`, `accountname`, `group_`, `groupcode`) VALUES ('1563','sv_SE.utf8','Kundfordringar hos andra koncernf','Kundfordringar','');
INSERT INTO `chartmaster` (`accountcode`, `language`, `accountname`, `group_`, `groupcode`) VALUES ('1569','sv_SE.utf8','V','Kundfordringar','');
INSERT INTO `chartmaster` (`accountcode`, `language`, `accountname`, `group_`, `groupcode`) VALUES ('1570','sv_SE.utf8','Kundfordringar hos intressef','Kundfordringar','');
INSERT INTO `chartmaster` (`accountcode`, `language`, `accountname`, `group_`, `groupcode`) VALUES ('1575','sv_SE.utf8','Os','Kundfordringar','');
INSERT INTO `chartmaster` (`accountcode`, `language`, `accountname`, `group_`, `groupcode`) VALUES ('1579','sv_SE.utf8','V','Kundfordringar','');
INSERT INTO `chartmaster` (`accountcode`, `language`, `accountname`, `group_`, `groupcode`) VALUES ('1580','sv_SE.utf8','Kontokort och kuponger','Kundfordringar','');
INSERT INTO `chartmaster` (`accountcode`, `language`, `accountname`, `group_`, `groupcode`) VALUES ('1590','sv_SE.utf8','V','Kundfordringar','');
INSERT INTO `chartmaster` (`accountcode`, `language`, `accountname`, `group_`, `groupcode`) VALUES ('1600','sv_SE.utf8','','','');
INSERT INTO `chartmaster` (`accountcode`, `language`, `accountname`, `group_`, `groupcode`) VALUES ('1610','sv_SE.utf8','Fordringar hos anst','','');
INSERT INTO `chartmaster` (`accountcode`, `language`, `accountname`, `group_`, `groupcode`) VALUES ('1611','sv_SE.utf8','Resef','','');
INSERT INTO `chartmaster` (`accountcode`, `language`, `accountname`, `group_`, `groupcode`) VALUES ('1612','sv_SE.utf8','Kassaf','','');
INSERT INTO `chartmaster` (`accountcode`, `language`, `accountname`, `group_`, `groupcode`) VALUES ('1613','sv_SE.utf8','','','');
INSERT INTO `chartmaster` (`accountcode`, `language`, `accountname`, `group_`, `groupcode`) VALUES ('1614','sv_SE.utf8','Tillf','','');
INSERT INTO `chartmaster` (`accountcode`, `language`, `accountname`, `group_`, `groupcode`) VALUES ('1619','sv_SE.utf8','','','');
INSERT INTO `chartmaster` (`accountcode`, `language`, `accountname`, `group_`, `groupcode`) VALUES ('1630','sv_SE.utf8','Avr','','');
INSERT INTO `chartmaster` (`accountcode`, `language`, `accountname`, `group_`, `groupcode`) VALUES ('1640','sv_SE.utf8','Skattefordringar','','');
INSERT INTO `chartmaster` (`accountcode`, `language`, `accountname`, `group_`, `groupcode`) VALUES ('1650','sv_SE.utf8','Momsfordringar','','');
INSERT INTO `chartmaster` (`accountcode`, `language`, `accountname`, `group_`, `groupcode`) VALUES ('1660','sv_SE.utf8','Fordringar hos koncernf','','');
INSERT INTO `chartmaster` (`accountcode`, `language`, `accountname`, `group_`, `groupcode`) VALUES ('1661','sv_SE.utf8','Fordringar hos moderf','','');
INSERT INTO `chartmaster` (`accountcode`, `language`, `accountname`, `group_`, `groupcode`) VALUES ('1662','sv_SE.utf8','Fordringar hos dotterf','','');
INSERT INTO `chartmaster` (`accountcode`, `language`, `accountname`, `group_`, `groupcode`) VALUES ('1663','sv_SE.utf8','Fordringar hos andra koncernf','','');
INSERT INTO `chartmaster` (`accountcode`, `language`, `accountname`, `group_`, `groupcode`) VALUES ('1670','sv_SE.utf8','Fordringar hos intressef','','');
INSERT INTO `chartmaster` (`accountcode`, `language`, `accountname`, `group_`, `groupcode`) VALUES ('1680','sv_SE.utf8','Andra kortfristiga fordringar','','');
INSERT INTO `chartmaster` (`accountcode`, `language`, `accountname`, `group_`, `groupcode`) VALUES ('1681','sv_SE.utf8','Utl','','');
INSERT INTO `chartmaster` (`accountcode`, `language`, `accountname`, `group_`, `groupcode`) VALUES ('1682','sv_SE.utf8','Kortfristiga l','','');
INSERT INTO `chartmaster` (`accountcode`, `language`, `accountname`, `group_`, `groupcode`) VALUES ('1683','sv_SE.utf8','Fordringar f','','');
INSERT INTO `chartmaster` (`accountcode`, `language`, `accountname`, `group_`, `groupcode`) VALUES ('1684','sv_SE.utf8','Fordringar hos leverant','','');
INSERT INTO `chartmaster` (`accountcode`, `language`, `accountname`, `group_`, `groupcode`) VALUES ('1685','sv_SE.utf8','Fordringar hos n','','');
INSERT INTO `chartmaster` (`accountcode`, `language`, `accountname`, `group_`, `groupcode`) VALUES ('1686','sv_SE.utf8','Upparbetad men ej fakturerad int','','');
INSERT INTO `chartmaster` (`accountcode`, `language`, `accountname`, `group_`, `groupcode`) VALUES ('1687','sv_SE.utf8','Kortfristig del av l','','');
INSERT INTO `chartmaster` (`accountcode`, `language`, `accountname`, `group_`, `groupcode`) VALUES ('1689','sv_SE.utf8','','','');
INSERT INTO `chartmaster` (`accountcode`, `language`, `accountname`, `group_`, `groupcode`) VALUES ('1690','sv_SE.utf8','V','','');
INSERT INTO `chartmaster` (`accountcode`, `language`, `accountname`, `group_`, `groupcode`) VALUES ('1700','sv_SE.utf8','F','F','');
INSERT INTO `chartmaster` (`accountcode`, `language`, `accountname`, `group_`, `groupcode`) VALUES ('1710','sv_SE.utf8','F','F','');
INSERT INTO `chartmaster` (`accountcode`, `language`, `accountname`, `group_`, `groupcode`) VALUES ('1711','sv_SE.utf8','F','F','');
INSERT INTO `chartmaster` (`accountcode`, `language`, `accountname`, `group_`, `groupcode`) VALUES ('1720','sv_SE.utf8','F','F','');
INSERT INTO `chartmaster` (`accountcode`, `language`, `accountname`, `group_`, `groupcode`) VALUES ('1730','sv_SE.utf8','F','F','');
INSERT INTO `chartmaster` (`accountcode`, `language`, `accountname`, `group_`, `groupcode`) VALUES ('1740','sv_SE.utf8','F','F','');
INSERT INTO `chartmaster` (`accountcode`, `language`, `accountname`, `group_`, `groupcode`) VALUES ('1750','sv_SE.utf8','Upplupna hyresinkomster','F','');
INSERT INTO `chartmaster` (`accountcode`, `language`, `accountname`, `group_`, `groupcode`) VALUES ('1760','sv_SE.utf8','Upplupna inkomstr','F','');
INSERT INTO `chartmaster` (`accountcode`, `language`, `accountname`, `group_`, `groupcode`) VALUES ('1770','sv_SE.utf8','Tillg','F','');
INSERT INTO `chartmaster` (`accountcode`, `language`, `accountname`, `group_`, `groupcode`) VALUES ('1780','sv_SE.utf8','Upplupna avtalsinkomster','F','');
INSERT INTO `chartmaster` (`accountcode`, `language`, `accountname`, `group_`, `groupcode`) VALUES ('1790','sv_SE.utf8','','F','');
INSERT INTO `chartmaster` (`accountcode`, `language`, `accountname`, `group_`, `groupcode`) VALUES ('1800','sv_SE.utf8','Kortfristiga placeringar (gruppkonto)','Kortfristiga placeringar','');
INSERT INTO `chartmaster` (`accountcode`, `language`, `accountname`, `group_`, `groupcode`) VALUES ('1810','sv_SE.utf8','Aktier i b','Kortfristiga placeringar','');
INSERT INTO `chartmaster` (`accountcode`, `language`, `accountname`, `group_`, `groupcode`) VALUES ('1820','sv_SE.utf8','Obligationer','Kortfristiga placeringar','');
INSERT INTO `chartmaster` (`accountcode`, `language`, `accountname`, `group_`, `groupcode`) VALUES ('1830','sv_SE.utf8','Konvertibla skuldebrev','Kortfristiga placeringar','');
INSERT INTO `chartmaster` (`accountcode`, `language`, `accountname`, `group_`, `groupcode`) VALUES ('1880','sv_SE.utf8','Andra kortfristiga placeringar','Kortfristiga placeringar','');
INSERT INTO `chartmaster` (`accountcode`, `language`, `accountname`, `group_`, `groupcode`) VALUES ('1882','sv_SE.utf8','Egna aktier','Kortfristiga placeringar','');
INSERT INTO `chartmaster` (`accountcode`, `language`, `accountname`, `group_`, `groupcode`) VALUES ('1886','sv_SE.utf8','Aktier och andelar i koncernf','Kortfristiga placeringar','');
INSERT INTO `chartmaster` (`accountcode`, `language`, `accountname`, `group_`, `groupcode`) VALUES ('1889','sv_SE.utf8','Aktier och andelar i','Kortfristiga placeringar','');
INSERT INTO `chartmaster` (`accountcode`, `language`, `accountname`, `group_`, `groupcode`) VALUES ('1890','sv_SE.utf8','V','Kortfristiga placeringar','');
INSERT INTO `chartmaster` (`accountcode`, `language`, `accountname`, `group_`, `groupcode`) VALUES ('1900','sv_SE.utf8','Obsevationskonto','Kassa och Bank','');
INSERT INTO `chartmaster` (`accountcode`, `language`, `accountname`, `group_`, `groupcode`) VALUES ('1910','sv_SE.utf8','Kassa','Kassa och Bank','');
INSERT INTO `chartmaster` (`accountcode`, `language`, `accountname`, `group_`, `groupcode`) VALUES ('1911','sv_SE.utf8','Huvudkassa','Kassa och Bank','');
INSERT INTO `chartmaster` (`accountcode`, `language`, `accountname`, `group_`, `groupcode`) VALUES ('1912','sv_SE.utf8','Kassa 2','Kassa och Bank','');
INSERT INTO `chartmaster` (`accountcode`, `language`, `accountname`, `group_`, `groupcode`) VALUES ('1913','sv_SE.utf8','Kassa 3','Kassa och Bank','');
INSERT INTO `chartmaster` (`accountcode`, `language`, `accountname`, `group_`, `groupcode`) VALUES ('1920','sv_SE.utf8','Postgiro','Kassa och Bank','');
INSERT INTO `chartmaster` (`accountcode`, `language`, `accountname`, `group_`, `groupcode`) VALUES ('1921','sv_SE.utf8','Postgiro 1','Kassa och Bank','');
INSERT INTO `chartmaster` (`accountcode`, `language`, `accountname`, `group_`, `groupcode`) VALUES ('1922','sv_SE.utf8','Postgiro 2','Kassa och Bank','');
INSERT INTO `chartmaster` (`accountcode`, `language`, `accountname`, `group_`, `groupcode`) VALUES ('1930','sv_SE.utf8','Checkr','Kassa och Bank','');
INSERT INTO `chartmaster` (`accountcode`, `language`, `accountname`, `group_`, `groupcode`) VALUES ('1931','sv_SE.utf8','Checkr','Kassa och Bank','');
INSERT INTO `chartmaster` (`accountcode`, `language`, `accountname`, `group_`, `groupcode`) VALUES ('1932','sv_SE.utf8','Checkr','Kassa och Bank','');
INSERT INTO `chartmaster` (`accountcode`, `language`, `accountname`, `group_`, `groupcode`) VALUES ('1940','sv_SE.utf8','Bank och','Kassa och Bank','');
INSERT INTO `chartmaster` (`accountcode`, `language`, `accountname`, `group_`, `groupcode`) VALUES ('1941','sv_SE.utf8','Bankkonto 1','Kassa och Bank','');
INSERT INTO `chartmaster` (`accountcode`, `language`, `accountname`, `group_`, `groupcode`) VALUES ('1942','sv_SE.utf8','Bankkonto 2','Kassa och Bank','');
INSERT INTO `chartmaster` (`accountcode`, `language`, `accountname`, `group_`, `groupcode`) VALUES ('1950','sv_SE.utf8','Bankcertifikat','Kassa och Bank','');
INSERT INTO `chartmaster` (`accountcode`, `language`, `accountname`, `group_`, `groupcode`) VALUES ('1960','sv_SE.utf8','Koncernkonto moderbolag','Kassa och Bank','');
INSERT INTO `chartmaster` (`accountcode`, `language`, `accountname`, `group_`, `groupcode`) VALUES ('1970','sv_SE.utf8','S','Kassa och Bank','');
INSERT INTO `chartmaster` (`accountcode`, `language`, `accountname`, `group_`, `groupcode`) VALUES ('1971','sv_SE.utf8','Allm','Kassa och Bank','');
INSERT INTO `chartmaster` (`accountcode`, `language`, `accountname`, `group_`, `groupcode`) VALUES ('1972','sv_SE.utf8','Upphovsmannakonto','Kassa och Bank','');
INSERT INTO `chartmaster` (`accountcode`, `language`, `accountname`, `group_`, `groupcode`) VALUES ('1973','sv_SE.utf8','Skogskonto','Kassa och Bank','');
INSERT INTO `chartmaster` (`accountcode`, `language`, `accountname`, `group_`, `groupcode`) VALUES ('1974','sv_SE.utf8','Sp','Kassa och Bank','');
INSERT INTO `chartmaster` (`accountcode`, `language`, `accountname`, `group_`, `groupcode`) VALUES ('1979','sv_SE.utf8','','Kassa och Bank','');
INSERT INTO `chartmaster` (`accountcode`, `language`, `accountname`, `group_`, `groupcode`) VALUES ('2010','sv_SE.utf8','Eget kapital - f','Eget kapital','');
INSERT INTO `chartmaster` (`accountcode`, `language`, `accountname`, `group_`, `groupcode`) VALUES ('2011','sv_SE.utf8','Egna varuuttag','Eget kapital','');
INSERT INTO `chartmaster` (`accountcode`, `language`, `accountname`, `group_`, `groupcode`) VALUES ('2012','sv_SE.utf8','Avr','Eget kapital','');
INSERT INTO `chartmaster` (`accountcode`, `language`, `accountname`, `group_`, `groupcode`) VALUES ('2013','sv_SE.utf8','','Eget kapital','');
INSERT INTO `chartmaster` (`accountcode`, `language`, `accountname`, `group_`, `groupcode`) VALUES ('2014','sv_SE.utf8','Upplupna egenavgifer och s','Eget kapital','');
INSERT INTO `chartmaster` (`accountcode`, `language`, `accountname`, `group_`, `groupcode`) VALUES ('2017','sv_SE.utf8','','Eget kapital','');
INSERT INTO `chartmaster` (`accountcode`, `language`, `accountname`, `group_`, `groupcode`) VALUES ('2018','sv_SE.utf8','','Eget kapital','');
INSERT INTO `chartmaster` (`accountcode`, `language`, `accountname`, `group_`, `groupcode`) VALUES ('2019','sv_SE.utf8','','Eget kapital','');
INSERT INTO `chartmaster` (`accountcode`, `language`, `accountname`, `group_`, `groupcode`) VALUES ('2020','sv_SE.utf8','Eget kapital - del','Eget kapital','');
INSERT INTO `chartmaster` (`accountcode`, `language`, `accountname`, `group_`, `groupcode`) VALUES ('2021','sv_SE.utf8','Egna varuuttag','Eget kapital','');
INSERT INTO `chartmaster` (`accountcode`, `language`, `accountname`, `group_`, `groupcode`) VALUES ('2022','sv_SE.utf8','Avr','Eget kapital','');
INSERT INTO `chartmaster` (`accountcode`, `language`, `accountname`, `group_`, `groupcode`) VALUES ('2023','sv_SE.utf8','','Eget kapital','');
INSERT INTO `chartmaster` (`accountcode`, `language`, `accountname`, `group_`, `groupcode`) VALUES ('2024','sv_SE.utf8','Upplupna egenavgifter och s','Eget kapital','');
INSERT INTO `chartmaster` (`accountcode`, `language`, `accountname`, `group_`, `groupcode`) VALUES ('2027','sv_SE.utf8','','Eget kapital','');
INSERT INTO `chartmaster` (`accountcode`, `language`, `accountname`, `group_`, `groupcode`) VALUES ('2028','sv_SE.utf8','','Eget kapital','');
INSERT INTO `chartmaster` (`accountcode`, `language`, `accountname`, `group_`, `groupcode`) VALUES ('2029','sv_SE.utf8','','Eget kapital','');
INSERT INTO `chartmaster` (`accountcode`, `language`, `accountname`, `group_`, `groupcode`) VALUES ('2030','sv_SE.utf8','Eget kapital - del','Eget kapital','');
INSERT INTO `chartmaster` (`accountcode`, `language`, `accountname`, `group_`, `groupcode`) VALUES ('2031','sv_SE.utf8','Egna varuuttag','Eget kapital','');
INSERT INTO `chartmaster` (`accountcode`, `language`, `accountname`, `group_`, `groupcode`) VALUES ('2032','sv_SE.utf8','Avr','Eget kapital','');
INSERT INTO `chartmaster` (`accountcode`, `language`, `accountname`, `group_`, `groupcode`) VALUES ('2033','sv_SE.utf8','','Eget kapital','');
INSERT INTO `chartmaster` (`accountcode`, `language`, `accountname`, `group_`, `groupcode`) VALUES ('2034','sv_SE.utf8','Upplupna egenavgifer och s','Eget kapital','');
INSERT INTO `chartmaster` (`accountcode`, `language`, `accountname`, `group_`, `groupcode`) VALUES ('2037','sv_SE.utf8','','Eget kapital','');
INSERT INTO `chartmaster` (`accountcode`, `language`, `accountname`, `group_`, `groupcode`) VALUES ('2038','sv_SE.utf8','','Eget kapital','');
INSERT INTO `chartmaster` (`accountcode`, `language`, `accountname`, `group_`, `groupcode`) VALUES ('2039','sv_SE.utf8','','Eget kapital','');
INSERT INTO `chartmaster` (`accountcode`, `language`, `accountname`, `group_`, `groupcode`) VALUES ('2050','sv_SE.utf8','Avs','Eget kapital','');
INSERT INTO `chartmaster` (`accountcode`, `language`, `accountname`, `group_`, `groupcode`) VALUES ('2080','sv_SE.utf8','Bundet eget kapital - aktiebolag, ek,f','Eget kapital','');
INSERT INTO `chartmaster` (`accountcode`, `language`, `accountname`, `group_`, `groupcode`) VALUES ('2081','sv_SE.utf8','Aktiekapital','Eget kapital','');
INSERT INTO `chartmaster` (`accountcode`, `language`, `accountname`, `group_`, `groupcode`) VALUES ('2082','sv_SE.utf8','Ej registrerat aktiekapital','Eget kapital','');
INSERT INTO `chartmaster` (`accountcode`, `language`, `accountname`, `group_`, `groupcode`) VALUES ('2083','sv_SE.utf8','Inbetalda insatser - stiftelsekapital i stiftelse','Eget kapital','');
INSERT INTO `chartmaster` (`accountcode`, `language`, `accountname`, `group_`, `groupcode`) VALUES ('2084','sv_SE.utf8','','Eget kapital','');
INSERT INTO `chartmaster` (`accountcode`, `language`, `accountname`, `group_`, `groupcode`) VALUES ('2085','sv_SE.utf8','Uppskrivningsfond','Eget kapital','');
INSERT INTO `chartmaster` (`accountcode`, `language`, `accountname`, `group_`, `groupcode`) VALUES ('2086','sv_SE.utf8','Reservfond - v','Eget kapital','');
INSERT INTO `chartmaster` (`accountcode`, `language`, `accountname`, `group_`, `groupcode`) VALUES ('2090','sv_SE.utf8','Fritt eget kapital','Eget kapital','');
INSERT INTO `chartmaster` (`accountcode`, `language`, `accountname`, `group_`, `groupcode`) VALUES ('2091','sv_SE.utf8','Balanserad vinst eller f','Eget kapital','');
INSERT INTO `chartmaster` (`accountcode`, `language`, `accountname`, `group_`, `groupcode`) VALUES ('2092','sv_SE.utf8','Erh','Eget kapital','');
INSERT INTO `chartmaster` (`accountcode`, `language`, `accountname`, `group_`, `groupcode`) VALUES ('2093','sv_SE.utf8','Erh','Eget kapital','');
INSERT INTO `chartmaster` (`accountcode`, `language`, `accountname`, `group_`, `groupcode`) VALUES ('2098','sv_SE.utf8','Vinst eller f','Eget kapital','');
INSERT INTO `chartmaster` (`accountcode`, `language`, `accountname`, `group_`, `groupcode`) VALUES ('2099','sv_SE.utf8','','Eget kapital','');
INSERT INTO `chartmaster` (`accountcode`, `language`, `accountname`, `group_`, `groupcode`) VALUES ('2150','sv_SE.utf8','Ackumulerade','Periodiseringsfond vid 1999','');
INSERT INTO `chartmaster` (`accountcode`, `language`, `accountname`, `group_`, `groupcode`) VALUES ('2151','sv_SE.utf8','Ackumulerade','Periodiseringsfond vid 1999','');
INSERT INTO `chartmaster` (`accountcode`, `language`, `accountname`, `group_`, `groupcode`) VALUES ('2152','sv_SE.utf8','Ackumulerade','Periodiseringsfond vid 1999','');
INSERT INTO `chartmaster` (`accountcode`, `language`, `accountname`, `group_`, `groupcode`) VALUES ('2153','sv_SE.utf8','Ackumulerade','Periodiseringsfond vid 1999','');
INSERT INTO `chartmaster` (`accountcode`, `language`, `accountname`, `group_`, `groupcode`) VALUES ('2160','sv_SE.utf8','Ers','Periodiseringsfond vid 1999','');
INSERT INTO `chartmaster` (`accountcode`, `language`, `accountname`, `group_`, `groupcode`) VALUES ('2161','sv_SE.utf8','Ers','Periodiseringsfond vid 1999','');
INSERT INTO `chartmaster` (`accountcode`, `language`, `accountname`, `group_`, `groupcode`) VALUES ('2162','sv_SE.utf8','Ers','Periodiseringsfond vid 1999','');
INSERT INTO `chartmaster` (`accountcode`, `language`, `accountname`, `group_`, `groupcode`) VALUES ('2163','sv_SE.utf8','Ers','Periodiseringsfond vid 1999','');
INSERT INTO `chartmaster` (`accountcode`, `language`, `accountname`, `group_`, `groupcode`) VALUES ('2164','sv_SE.utf8','Ers','Periodiseringsfond vid 1999','');
INSERT INTO `chartmaster` (`accountcode`, `language`, `accountname`, `group_`, `groupcode`) VALUES ('2170','sv_SE.utf8','Avs','Periodiseringsfond vid 1999','');
INSERT INTO `chartmaster` (`accountcode`, `language`, `accountname`, `group_`, `groupcode`) VALUES ('2171','sv_SE.utf8','Allm','Periodiseringsfond vid 1999','');
INSERT INTO `chartmaster` (`accountcode`, `language`, `accountname`, `group_`, `groupcode`) VALUES ('2180','sv_SE.utf8','Obeskattade int','Periodiseringsfond vid 1999','');
INSERT INTO `chartmaster` (`accountcode`, `language`, `accountname`, `group_`, `groupcode`) VALUES ('2181','sv_SE.utf8','Obeskattade upphovsmannaint','Periodiseringsfond vid 1999','');
INSERT INTO `chartmaster` (`accountcode`, `language`, `accountname`, `group_`, `groupcode`) VALUES ('2185','sv_SE.utf8','Obeskattade skogsint','Periodiseringsfond vid 1999','');
INSERT INTO `chartmaster` (`accountcode`, `language`, `accountname`, `group_`, `groupcode`) VALUES ('2190','sv_SE.utf8','','Periodiseringsfond vid 1999','');
INSERT INTO `chartmaster` (`accountcode`, `language`, `accountname`, `group_`, `groupcode`) VALUES ('2191','sv_SE.utf8','Skillnad mellan bokf','Periodiseringsfond vid 1999','');
INSERT INTO `chartmaster` (`accountcode`, `language`, `accountname`, `group_`, `groupcode`) VALUES ('2195','sv_SE.utf8','Valutakursreserv','Periodiseringsfond vid 1999','');
INSERT INTO `chartmaster` (`accountcode`, `language`, `accountname`, `group_`, `groupcode`) VALUES ('2196','sv_SE.utf8','Lagerreserv','Periodiseringsfond vid 1999','');
INSERT INTO `chartmaster` (`accountcode`, `language`, `accountname`, `group_`, `groupcode`) VALUES ('2197','sv_SE.utf8','Skatteutj','Periodiseringsfond vid 1999','');
INSERT INTO `chartmaster` (`accountcode`, `language`, `accountname`, `group_`, `groupcode`) VALUES ('2199','sv_SE.utf8','','Periodiseringsfond vid 1999','');
INSERT INTO `chartmaster` (`accountcode`, `language`, `accountname`, `group_`, `groupcode`) VALUES ('2210','sv_SE.utf8','Avs','Avs','');
INSERT INTO `chartmaster` (`accountcode`, `language`, `accountname`, `group_`, `groupcode`) VALUES ('2211','sv_SE.utf8','Avs','Avs','');
INSERT INTO `chartmaster` (`accountcode`, `language`, `accountname`, `group_`, `groupcode`) VALUES ('2219','sv_SE.utf8','Avs','Avs','');
INSERT INTO `chartmaster` (`accountcode`, `language`, `accountname`, `group_`, `groupcode`) VALUES ('2220','sv_SE.utf8','Avs','Avs','');
INSERT INTO `chartmaster` (`accountcode`, `language`, `accountname`, `group_`, `groupcode`) VALUES ('2250','sv_SE.utf8','Avs','Avs','');
INSERT INTO `chartmaster` (`accountcode`, `language`, `accountname`, `group_`, `groupcode`) VALUES ('2251','sv_SE.utf8','Avs','Avs','');
INSERT INTO `chartmaster` (`accountcode`, `language`, `accountname`, `group_`, `groupcode`) VALUES ('2252','sv_SE.utf8','Avs','Avs','');
INSERT INTO `chartmaster` (`accountcode`, `language`, `accountname`, `group_`, `groupcode`) VALUES ('2259','sv_SE.utf8','Avs','Avs','');
INSERT INTO `chartmaster` (`accountcode`, `language`, `accountname`, `group_`, `groupcode`) VALUES ('2290','sv_SE.utf8','','Avs','');
INSERT INTO `chartmaster` (`accountcode`, `language`, `accountname`, `group_`, `groupcode`) VALUES ('2310','sv_SE.utf8','Obligations- och f','L','');
INSERT INTO `chartmaster` (`accountcode`, `language`, `accountname`, `group_`, `groupcode`) VALUES ('2320','sv_SE.utf8','Konvertibla l','L','');
INSERT INTO `chartmaster` (`accountcode`, `language`, `accountname`, `group_`, `groupcode`) VALUES ('2330','sv_SE.utf8','Checkr','L','');
INSERT INTO `chartmaster` (`accountcode`, `language`, `accountname`, `group_`, `groupcode`) VALUES ('2331','sv_SE.utf8','Checkr','L','');
INSERT INTO `chartmaster` (`accountcode`, `language`, `accountname`, `group_`, `groupcode`) VALUES ('2332','sv_SE.utf8','Checkr','L','');
INSERT INTO `chartmaster` (`accountcode`, `language`, `accountname`, `group_`, `groupcode`) VALUES ('2333','sv_SE.utf8','Utnyttjad checkr','L','');
INSERT INTO `chartmaster` (`accountcode`, `language`, `accountname`, `group_`, `groupcode`) VALUES ('2334','sv_SE.utf8','Utnyttjad checkr','L','');
INSERT INTO `chartmaster` (`accountcode`, `language`, `accountname`, `group_`, `groupcode`) VALUES ('2335','sv_SE.utf8','Beviljad checkr','L','');
INSERT INTO `chartmaster` (`accountcode`, `language`, `accountname`, `group_`, `groupcode`) VALUES ('2336','sv_SE.utf8','Beviljad checkr','L','');
INSERT INTO `chartmaster` (`accountcode`, `language`, `accountname`, `group_`, `groupcode`) VALUES ('2340','sv_SE.utf8','Byggnadskreditiv','L','');
INSERT INTO `chartmaster` (`accountcode`, `language`, `accountname`, `group_`, `groupcode`) VALUES ('2350','sv_SE.utf8','Andra skulder till kreditinstitut','L','');
INSERT INTO `chartmaster` (`accountcode`, `language`, `accountname`, `group_`, `groupcode`) VALUES ('2351','sv_SE.utf8','Fastighetsl','L','');
INSERT INTO `chartmaster` (`accountcode`, `language`, `accountname`, `group_`, `groupcode`) VALUES ('2355','sv_SE.utf8','L','L','');
INSERT INTO `chartmaster` (`accountcode`, `language`, `accountname`, `group_`, `groupcode`) VALUES ('2359','sv_SE.utf8','','L','');
INSERT INTO `chartmaster` (`accountcode`, `language`, `accountname`, `group_`, `groupcode`) VALUES ('2360','sv_SE.utf8','Skulder till koncernf','L','');
INSERT INTO `chartmaster` (`accountcode`, `language`, `accountname`, `group_`, `groupcode`) VALUES ('2361','sv_SE.utf8','Skulder till Moderf','L','');
INSERT INTO `chartmaster` (`accountcode`, `language`, `accountname`, `group_`, `groupcode`) VALUES ('2362','sv_SE.utf8','Skulder till dotterf','L','');
INSERT INTO `chartmaster` (`accountcode`, `language`, `accountname`, `group_`, `groupcode`) VALUES ('2363','sv_SE.utf8','Skulder till andra koncernf','L','');
INSERT INTO `chartmaster` (`accountcode`, `language`, `accountname`, `group_`, `groupcode`) VALUES ('2370','sv_SE.utf8','Skulder till intressef','L','');
INSERT INTO `chartmaster` (`accountcode`, `language`, `accountname`, `group_`, `groupcode`) VALUES ('2390','sv_SE.utf8','','L','');
INSERT INTO `chartmaster` (`accountcode`, `language`, `accountname`, `group_`, `groupcode`) VALUES ('2391','sv_SE.utf8','Avbetalningskontrakt','L','');
INSERT INTO `chartmaster` (`accountcode`, `language`, `accountname`, `group_`, `groupcode`) VALUES ('2392','sv_SE.utf8','Villkorliga skulder','L','');
INSERT INTO `chartmaster` (`accountcode`, `language`, `accountname`, `group_`, `groupcode`) VALUES ('2393','sv_SE.utf8','L','L','');
INSERT INTO `chartmaster` (`accountcode`, `language`, `accountname`, `group_`, `groupcode`) VALUES ('2394','sv_SE.utf8','L','L','');
INSERT INTO `chartmaster` (`accountcode`, `language`, `accountname`, `group_`, `groupcode`) VALUES ('2395','sv_SE.utf8','Andra l','L','');
INSERT INTO `chartmaster` (`accountcode`, `language`, `accountname`, `group_`, `groupcode`) VALUES ('2397','sv_SE.utf8','Mottagna depositioner','L','');
INSERT INTO `chartmaster` (`accountcode`, `language`, `accountname`, `group_`, `groupcode`) VALUES ('2399','sv_SE.utf8','','L','');
INSERT INTO `chartmaster` (`accountcode`, `language`, `accountname`, `group_`, `groupcode`) VALUES ('2410','sv_SE.utf8','Kortfristiga skulder till kreditinstitut','Kortfristiga skulder till kred','');
INSERT INTO `chartmaster` (`accountcode`, `language`, `accountname`, `group_`, `groupcode`) VALUES ('2411','sv_SE.utf8','Kortfristiga l','Kortfristiga skulder till kred','');
INSERT INTO `chartmaster` (`accountcode`, `language`, `accountname`, `group_`, `groupcode`) VALUES ('2417','sv_SE.utf8','Kortfristig del av l','Kortfristiga skulder till kred','');
INSERT INTO `chartmaster` (`accountcode`, `language`, `accountname`, `group_`, `groupcode`) VALUES ('2418','sv_SE.utf8','Kortfristig del av checkr','Kortfristiga skulder till kred','');
INSERT INTO `chartmaster` (`accountcode`, `language`, `accountname`, `group_`, `groupcode`) VALUES ('2419','sv_SE.utf8','','Kortfristiga skulder till kred','');
INSERT INTO `chartmaster` (`accountcode`, `language`, `accountname`, `group_`, `groupcode`) VALUES ('2420','sv_SE.utf8','F','Kortfristiga skulder till kred','');
INSERT INTO `chartmaster` (`accountcode`, `language`, `accountname`, `group_`, `groupcode`) VALUES ('2421','sv_SE.utf8','Ej inl','Kortfristiga skulder till kred','');
INSERT INTO `chartmaster` (`accountcode`, `language`, `accountname`, `group_`, `groupcode`) VALUES ('2429','sv_SE.utf8','','Kortfristiga skulder till kred','');
INSERT INTO `chartmaster` (`accountcode`, `language`, `accountname`, `group_`, `groupcode`) VALUES ('2430','sv_SE.utf8','P','Kortfristiga skulder till kred','');
INSERT INTO `chartmaster` (`accountcode`, `language`, `accountname`, `group_`, `groupcode`) VALUES ('2431','sv_SE.utf8','P','Kortfristiga skulder till kred','');
INSERT INTO `chartmaster` (`accountcode`, `language`, `accountname`, `group_`, `groupcode`) VALUES ('2435','sv_SE.utf8','Fakturerad men ej upparbetad int','Kortfristiga skulder till kred','');
INSERT INTO `chartmaster` (`accountcode`, `language`, `accountname`, `group_`, `groupcode`) VALUES ('2438','sv_SE.utf8','P','Kortfristiga skulder till kred','');
INSERT INTO `chartmaster` (`accountcode`, `language`, `accountname`, `group_`, `groupcode`) VALUES ('2440','sv_SE.utf8','Leverant','Kortfristiga skulder till kred','');
INSERT INTO `chartmaster` (`accountcode`, `language`, `accountname`, `group_`, `groupcode`) VALUES ('2443','sv_SE.utf8','Konsignationsskulder','Kortfristiga skulder till kred','');
INSERT INTO `chartmaster` (`accountcode`, `language`, `accountname`, `group_`, `groupcode`) VALUES ('2445','sv_SE.utf8','Tvistiga leverant','Kortfristiga skulder till kred','');
INSERT INTO `chartmaster` (`accountcode`, `language`, `accountname`, `group_`, `groupcode`) VALUES ('2448','sv_SE.utf8','Ej reskontraf','Kortfristiga skulder till kred','');
INSERT INTO `chartmaster` (`accountcode`, `language`, `accountname`, `group_`, `groupcode`) VALUES ('2460','sv_SE.utf8','Leverant','Kortfristiga skulder till kred','');
INSERT INTO `chartmaster` (`accountcode`, `language`, `accountname`, `group_`, `groupcode`) VALUES ('2461','sv_SE.utf8','Leverant','Kortfristiga skulder till kred','');
INSERT INTO `chartmaster` (`accountcode`, `language`, `accountname`, `group_`, `groupcode`) VALUES ('2462','sv_SE.utf8','Leverant','Kortfristiga skulder till kred','');
INSERT INTO `chartmaster` (`accountcode`, `language`, `accountname`, `group_`, `groupcode`) VALUES ('2463','sv_SE.utf8','Leverant','Kortfristiga skulder till kred','');
INSERT INTO `chartmaster` (`accountcode`, `language`, `accountname`, `group_`, `groupcode`) VALUES ('2470','sv_SE.utf8','Leverant','Kortfristiga skulder till kred','');
INSERT INTO `chartmaster` (`accountcode`, `language`, `accountname`, `group_`, `groupcode`) VALUES ('2490','sv_SE.utf8','','Kortfristiga skulder till kred','');
INSERT INTO `chartmaster` (`accountcode`, `language`, `accountname`, `group_`, `groupcode`) VALUES ('2491','sv_SE.utf8','V','Kortfristiga skulder till kred','');
INSERT INTO `chartmaster` (`accountcode`, `language`, `accountname`, `group_`, `groupcode`) VALUES ('2510','sv_SE.utf8','Skatteskulder','Skatteskulder','');
INSERT INTO `chartmaster` (`accountcode`, `language`, `accountname`, `group_`, `groupcode`) VALUES ('2511','sv_SE.utf8','Debiterad kvarst','Skatteskulder','');
INSERT INTO `chartmaster` (`accountcode`, `language`, `accountname`, `group_`, `groupcode`) VALUES ('2512','sv_SE.utf8','Ber','Skatteskulder','');
INSERT INTO `chartmaster` (`accountcode`, `language`, `accountname`, `group_`, `groupcode`) VALUES ('2513','sv_SE.utf8','Ber','Skatteskulder','');
INSERT INTO `chartmaster` (`accountcode`, `language`, `accountname`, `group_`, `groupcode`) VALUES ('2514','sv_SE.utf8','Ber','Skatteskulder','');
INSERT INTO `chartmaster` (`accountcode`, `language`, `accountname`, `group_`, `groupcode`) VALUES ('2515','sv_SE.utf8','Ber','Skatteskulder','');
INSERT INTO `chartmaster` (`accountcode`, `language`, `accountname`, `group_`, `groupcode`) VALUES ('2518','sv_SE.utf8','Betald prelimin','Skatteskulder','');
INSERT INTO `chartmaster` (`accountcode`, `language`, `accountname`, `group_`, `groupcode`) VALUES ('2610','sv_SE.utf8','Utg','Moms och s','');
INSERT INTO `chartmaster` (`accountcode`, `language`, `accountname`, `group_`, `groupcode`) VALUES ('2611','sv_SE.utf8','Utg','Moms och s','');
INSERT INTO `chartmaster` (`accountcode`, `language`, `accountname`, `group_`, `groupcode`) VALUES ('2612','sv_SE.utf8','Utg','Moms och s','');
INSERT INTO `chartmaster` (`accountcode`, `language`, `accountname`, `group_`, `groupcode`) VALUES ('2613','sv_SE.utf8','Utg','Moms och s','');
INSERT INTO `chartmaster` (`accountcode`, `language`, `accountname`, `group_`, `groupcode`) VALUES ('2614','sv_SE.utf8','Ber','Moms och s','');
INSERT INTO `chartmaster` (`accountcode`, `language`, `accountname`, `group_`, `groupcode`) VALUES ('2615','sv_SE.utf8','Ber','Moms och s','');
INSERT INTO `chartmaster` (`accountcode`, `language`, `accountname`, `group_`, `groupcode`) VALUES ('2618','sv_SE.utf8','Vilande utg','Moms och s','');
INSERT INTO `chartmaster` (`accountcode`, `language`, `accountname`, `group_`, `groupcode`) VALUES ('2620','sv_SE.utf8','Utg','Moms och s','');
INSERT INTO `chartmaster` (`accountcode`, `language`, `accountname`, `group_`, `groupcode`) VALUES ('2621','sv_SE.utf8','Utg','Moms och s','');
INSERT INTO `chartmaster` (`accountcode`, `language`, `accountname`, `group_`, `groupcode`) VALUES ('2622','sv_SE.utf8','Utg','Moms och s','');
INSERT INTO `chartmaster` (`accountcode`, `language`, `accountname`, `group_`, `groupcode`) VALUES ('2628','sv_SE.utf8','Vilande utg','Moms och s','');
INSERT INTO `chartmaster` (`accountcode`, `language`, `accountname`, `group_`, `groupcode`) VALUES ('2630','sv_SE.utf8','Utg','Moms och s','');
INSERT INTO `chartmaster` (`accountcode`, `language`, `accountname`, `group_`, `groupcode`) VALUES ('2631','sv_SE.utf8','Utg','Moms och s','');
INSERT INTO `chartmaster` (`accountcode`, `language`, `accountname`, `group_`, `groupcode`) VALUES ('2632','sv_SE.utf8','Utg','Moms och s','');
INSERT INTO `chartmaster` (`accountcode`, `language`, `accountname`, `group_`, `groupcode`) VALUES ('2638','sv_SE.utf8','Vilande utg','Moms och s','');
INSERT INTO `chartmaster` (`accountcode`, `language`, `accountname`, `group_`, `groupcode`) VALUES ('2640','sv_SE.utf8','Ing','Moms och s','');
INSERT INTO `chartmaster` (`accountcode`, `language`, `accountname`, `group_`, `groupcode`) VALUES ('2641','sv_SE.utf8','Debiterad ing','Moms och s','');
INSERT INTO `chartmaster` (`accountcode`, `language`, `accountname`, `group_`, `groupcode`) VALUES ('2642','sv_SE.utf8','Debiterad ing','Moms och s','');
INSERT INTO `chartmaster` (`accountcode`, `language`, `accountname`, `group_`, `groupcode`) VALUES ('2645','sv_SE.utf8','Ber','Moms och s','');
INSERT INTO `chartmaster` (`accountcode`, `language`, `accountname`, `group_`, `groupcode`) VALUES ('2648','sv_SE.utf8','Vilande ing','Moms och s','');
INSERT INTO `chartmaster` (`accountcode`, `language`, `accountname`, `group_`, `groupcode`) VALUES ('2649','sv_SE.utf8','Ing','Moms och s','');
INSERT INTO `chartmaster` (`accountcode`, `language`, `accountname`, `group_`, `groupcode`) VALUES ('2650','sv_SE.utf8','Redovisningskonto f','Moms och s','');
INSERT INTO `chartmaster` (`accountcode`, `language`, `accountname`, `group_`, `groupcode`) VALUES ('2660','sv_SE.utf8','S','Moms och s','');
INSERT INTO `chartmaster` (`accountcode`, `language`, `accountname`, `group_`, `groupcode`) VALUES ('2661','sv_SE.utf8','Reklamskatt','Moms och s','');
INSERT INTO `chartmaster` (`accountcode`, `language`, `accountname`, `group_`, `groupcode`) VALUES ('2669','sv_SE.utf8','','Moms och s','');
INSERT INTO `chartmaster` (`accountcode`, `language`, `accountname`, `group_`, `groupcode`) VALUES ('2710','sv_SE.utf8','Personalens k','Personalens skatter, avgifter','');
INSERT INTO `chartmaster` (`accountcode`, `language`, `accountname`, `group_`, `groupcode`) VALUES ('2711','sv_SE.utf8','Inneh','Personalens skatter, avgifter','');
INSERT INTO `chartmaster` (`accountcode`, `language`, `accountname`, `group_`, `groupcode`) VALUES ('2718','sv_SE.utf8','Betald k','Personalens skatter, avgifter','');
INSERT INTO `chartmaster` (`accountcode`, `language`, `accountname`, `group_`, `groupcode`) VALUES ('2730','sv_SE.utf8','Lagstadgade sociala avgifter och s','Personalens skatter, avgifter','');
INSERT INTO `chartmaster` (`accountcode`, `language`, `accountname`, `group_`, `groupcode`) VALUES ('2731','sv_SE.utf8','Avr','Personalens skatter, avgifter','');
INSERT INTO `chartmaster` (`accountcode`, `language`, `accountname`, `group_`, `groupcode`) VALUES ('2732','sv_SE.utf8','Avr','Personalens skatter, avgifter','');
INSERT INTO `chartmaster` (`accountcode`, `language`, `accountname`, `group_`, `groupcode`) VALUES ('2738','sv_SE.utf8','Betalda lagstadgade sociala avgifter och s','Personalens skatter, avgifter','');
INSERT INTO `chartmaster` (`accountcode`, `language`, `accountname`, `group_`, `groupcode`) VALUES ('2740','sv_SE.utf8','Avtalade sociala avgifter','Personalens skatter, avgifter','');
INSERT INTO `chartmaster` (`accountcode`, `language`, `accountname`, `group_`, `groupcode`) VALUES ('2741','sv_SE.utf8','Avr','Personalens skatter, avgifter','');
INSERT INTO `chartmaster` (`accountcode`, `language`, `accountname`, `group_`, `groupcode`) VALUES ('2748','sv_SE.utf8','Betalade avtalade sociala avgifter','Personalens skatter, avgifter','');
INSERT INTO `chartmaster` (`accountcode`, `language`, `accountname`, `group_`, `groupcode`) VALUES ('2750','sv_SE.utf8','Utm','Personalens skatter, avgifter','');
INSERT INTO `chartmaster` (`accountcode`, `language`, `accountname`, `group_`, `groupcode`) VALUES ('2760','sv_SE.utf8','Semesterkassa','Personalens skatter, avgifter','');
INSERT INTO `chartmaster` (`accountcode`, `language`, `accountname`, `group_`, `groupcode`) VALUES ('2790','sv_SE.utf8','','Personalens skatter, avgifter','');
INSERT INTO `chartmaster` (`accountcode`, `language`, `accountname`, `group_`, `groupcode`) VALUES ('2791','sv_SE.utf8','Personalens intressekonto','Personalens skatter, avgifter','');
INSERT INTO `chartmaster` (`accountcode`, `language`, `accountname`, `group_`, `groupcode`) VALUES ('2792','sv_SE.utf8','L','Personalens skatter, avgifter','');
INSERT INTO `chartmaster` (`accountcode`, `language`, `accountname`, `group_`, `groupcode`) VALUES ('2793','sv_SE.utf8','Gruppf','Personalens skatter, avgifter','');
INSERT INTO `chartmaster` (`accountcode`, `language`, `accountname`, `group_`, `groupcode`) VALUES ('2794','sv_SE.utf8','Fackf','Personalens skatter, avgifter','');
INSERT INTO `chartmaster` (`accountcode`, `language`, `accountname`, `group_`, `groupcode`) VALUES ('2795','sv_SE.utf8','M','Personalens skatter, avgifter','');
INSERT INTO `chartmaster` (`accountcode`, `language`, `accountname`, `group_`, `groupcode`) VALUES ('3439','sv_SE.utf8','F','Kortfristiga skulder till kred','');
